2025-12-02T15:51:33.835-03:00  INFO 8000 --- [restartedMain] com.belleza.pos.PosApiApplication        : Starting PosApiApplication using Java 21.0.5 with PID 8000 (C:\Proyectos\POS_beauty\beauty_pos_api_rest\target\classes started by crist in C:\Proyectos\POS_beauty\beauty_pos_api_rest)
2025-12-02T15:51:33.838-03:00 DEBUG 8000 --- [restartedMain] com.belleza.pos.PosApiApplication        : Running with Spring Boot v3.2.0, Spring v6.1.1
2025-12-02T15:51:33.839-03:00  INFO 8000 --- [restartedMain] com.belleza.pos.PosApiApplication        : No active profile set, falling back to 1 default profile: "default"
2025-12-02T15:51:33.873-03:00  INFO 8000 --- [restartedMain] .e.DevToolsPropertyDefaultsPostProcessor : Devtools property defaults active! Set 'spring.devtools.add-properties' to 'false' to disable
2025-12-02T15:51:33.873-03:00  INFO 8000 --- [restartedMain] .e.DevToolsPropertyDefaultsPostProcessor : For additional web related logging consider setting the 'logging.level.web' property to 'DEBUG'
2025-12-02T15:51:34.712-03:00  INFO 8000 --- [restartedMain] .s.d.r.c.RepositoryConfigurationDelegate : Bootstrapping Spring Data JPA repositories in DEFAULT mode.
2025-12-02T15:51:34.792-03:00  INFO 8000 --- [restartedMain] .s.d.r.c.RepositoryConfigurationDelegate : Finished Spring Data repository scanning in 74 ms. Found 20 JPA repository interfaces.
2025-12-02T15:51:35.629-03:00  INFO 8000 --- [restartedMain] o.s.b.w.embedded.tomcat.TomcatWebServer  : Tomcat initialized with port 8080 (http)
2025-12-02T15:51:35.646-03:00  INFO 8000 --- [restartedMain] o.apache.catalina.core.StandardService   : Starting service [Tomcat]
2025-12-02T15:51:35.646-03:00  INFO 8000 --- [restartedMain] o.apache.catalina.core.StandardEngine    : Starting Servlet engine: [Apache Tomcat/10.1.16]
2025-12-02T15:51:35.696-03:00  INFO 8000 --- [restartedMain] o.a.c.c.C.[Tomcat].[localhost].[/api]    : Initializing Spring embedded WebApplicationContext
2025-12-02T15:51:35.697-03:00  INFO 8000 --- [restartedMain] w.s.c.ServletWebServerApplicationContext : Root WebApplicationContext: initialization completed in 1824 ms
2025-12-02T15:51:35.915-03:00  INFO 8000 --- [restartedMain] o.hibernate.jpa.internal.util.LogHelper  : HHH000204: Processing PersistenceUnitInfo [name: default]
2025-12-02T15:51:35.980-03:00  INFO 8000 --- [restartedMain] org.hibernate.Version                    : HHH000412: Hibernate ORM core version 6.3.1.Final
2025-12-02T15:51:36.001-03:00  INFO 8000 --- [restartedMain] o.h.c.internal.RegionFactoryInitiator    : HHH000026: Second-level cache disabled
2025-12-02T15:51:36.171-03:00  INFO 8000 --- [restartedMain] o.s.o.j.p.SpringPersistenceUnitInfo      : No LoadTimeWeaver setup: ignoring JPA class transformer
2025-12-02T15:51:36.187-03:00  INFO 8000 --- [restartedMain] com.zaxxer.hikari.HikariDataSource       : HikariPool-1 - Starting...
2025-12-02T15:51:36.308-03:00  INFO 8000 --- [restartedMain] com.zaxxer.hikari.pool.HikariPool        : HikariPool-1 - Added connection com.mysql.cj.jdbc.ConnectionImpl@62ca331a
2025-12-02T15:51:36.309-03:00  INFO 8000 --- [restartedMain] com.zaxxer.hikari.HikariDataSource       : HikariPool-1 - Start completed.
2025-12-02T15:51:36.347-03:00  WARN 8000 --- [restartedMain] org.hibernate.orm.deprecation            : HHH90000025: MySQLDialect does not need to be specified explicitly using 'hibernate.dialect' (remove the property setting and it will be selected by default)
2025-12-02T15:51:37.121-03:00  INFO 8000 --- [restartedMain] o.h.e.t.j.p.i.JtaPlatformInitiator       : HHH000489: No JTA platform available (set 'hibernate.transaction.jta.platform' to enable JTA platform integration)
2025-12-02T15:51:37.122-03:00  INFO 8000 --- [restartedMain] j.LocalContainerEntityManagerFactoryBean : Initialized JPA EntityManagerFactory for persistence unit 'default'
2025-12-02T15:51:37.366-03:00  INFO 8000 --- [restartedMain] o.s.d.j.r.query.QueryEnhancerFactory     : Hibernate is in classpath; If applicable, HQL parser will be used.
2025-12-02T15:51:37.717-03:00 DEBUG 8000 --- [restartedMain] c.b.p.s.jwt.JwtAuthenticationFilter      : Filter 'jwtAuthenticationFilter' configured for use
2025-12-02T15:51:39.094-03:00  INFO 8000 --- [restartedMain] o.s.s.web.DefaultSecurityFilterChain     : Will secure any request with [org.springframework.security.web.session.DisableEncodeUrlFilter@4e5292c8, org.springframework.security.web.context.request.async.WebAsyncManagerIntegrationFilter@5400de2c, org.springframework.security.web.context.SecurityContextHolderFilter@7869ef2a, org.springframework.security.web.header.HeaderWriterFilter@79944134, org.springframework.web.filter.CorsFilter@3a00fb6e, org.springframework.security.web.authentication.logout.LogoutFilter@18db4adf, com.belleza.pos.security.jwt.JwtAuthenticationFilter@5b2298ca, org.springframework.security.web.savedrequest.RequestCacheAwareFilter@73098348, org.springframework.security.web.servletapi.SecurityContextHolderAwareRequestFilter@56f3ba7f, org.springframework.security.web.authentication.AnonymousAuthenticationFilter@2ba6cf10, org.springframework.security.web.session.SessionManagementFilter@6a1cc1d, org.springframework.security.web.access.ExceptionTranslationFilter@61412143, org.springframework.security.web.access.intercept.AuthorizationFilter@366595a3]
2025-12-02T15:51:39.392-03:00  INFO 8000 --- [restartedMain] o.s.b.d.a.OptionalLiveReloadServer       : LiveReload server is running on port 35729
2025-12-02T15:51:39.425-03:00  INFO 8000 --- [restartedMain] o.s.b.w.embedded.tomcat.TomcatWebServer  : Tomcat started on port 8080 (http) with context path '/api'
2025-12-02T15:51:39.430-03:00  INFO 8000 --- [restartedMain] com.belleza.pos.PosApiApplication        : Started PosApiApplication in 5.889 seconds (process running for 6.244)
2025-12-02T15:59:56.795-03:00  INFO 8000 --- [http-nio-8080-exec-1] o.a.c.c.C.[Tomcat].[localhost].[/api]    : Initializing Spring DispatcherServlet 'dispatcherServlet'
2025-12-02T15:59:56.795-03:00  INFO 8000 --- [http-nio-8080-exec-1] o.s.web.servlet.DispatcherServlet        : Initializing Servlet 'dispatcherServlet'
2025-12-02T15:59:56.796-03:00  INFO 8000 --- [http-nio-8080-exec-1] o.s.web.servlet.DispatcherServlet        : Completed initialization in 1 ms
2025-12-02T15:59:56.800-03:00 DEBUG 8000 --- [http-nio-8080-exec-1] o.s.security.web.FilterChainProxy        : Securing POST /auth/login
2025-12-02T15:59:56.806-03:00 DEBUG 8000 --- [http-nio-8080-exec-1] o.s.s.w.a.AnonymousAuthenticationFilter  : Set SecurityContextHolder to anonymous SecurityContext
2025-12-02T15:59:56.806-03:00  WARN 8000 --- [http-nio-8080-exec-1] o.s.w.s.h.HandlerMappingIntrospector     : Cache miss for REQUEST dispatch to '/api/auth/login' (previous null). Performing MatchableHandlerMapping lookup. This is logged once only at WARN level, and every time at TRACE.
2025-12-02T15:59:56.812-03:00 DEBUG 8000 --- [http-nio-8080-exec-1] o.s.security.web.FilterChainProxy        : Secured POST /auth/login
2025-12-02T15:59:57.014-03:00 DEBUG 8000 --- [http-nio-8080-exec-1] org.hibernate.SQL                        : 
    select
        u1_0.id_usuario,
        u1_0.activo,
        u1_0.apellido,
        u1_0.email,
        u1_0.fecha_creacion,
        u1_0.fecha_modificacion,
        u1_0.nombre,
        u1_0.password_hash,
        u1_0.rol,
        u1_0.id_sucursal,
        u1_0.ultimo_login,
        u1_0.username 
    from
        usuarios u1_0 
    where
        u1_0.username=?
2025-12-02T15:59:57.114-03:00 DEBUG 8000 --- [http-nio-8080-exec-1] o.s.s.a.dao.DaoAuthenticationProvider    : Authenticated user
2025-12-02T15:59:57.189-03:00 DEBUG 8000 --- [http-nio-8080-exec-1] org.hibernate.SQL                        : 
    select
        u1_0.id_usuario,
        u1_0.activo,
        u1_0.apellido,
        u1_0.email,
        u1_0.fecha_creacion,
        u1_0.fecha_modificacion,
        u1_0.nombre,
        u1_0.password_hash,
        u1_0.rol,
        u1_0.id_sucursal,
        u1_0.ultimo_login,
        u1_0.username 
    from
        usuarios u1_0 
    where
        u1_0.username=?
2025-12-02T15:59:57.196-03:00  INFO 8000 --- [http-nio-8080-exec-1] com.belleza.pos.service.AuthService      : Usuario autenticado exitosamente: Adminstrador
2025-12-02T15:59:57.224-03:00 DEBUG 8000 --- [http-nio-8080-exec-1] org.hibernate.SQL                        : 
    update
        usuarios 
    set
        activo=?,
        apellido=?,
        email=?,
        fecha_modificacion=?,
        nombre=?,
        password_hash=?,
        rol=?,
        id_sucursal=?,
        ultimo_login=?,
        username=? 
    where
        id_usuario=?
2025-12-02T16:08:59.151-03:00 DEBUG 8000 --- [http-nio-8080-exec-3] o.s.security.web.FilterChainProxy        : Securing GET /swagger-ui.html
2025-12-02T16:08:59.151-03:00 DEBUG 8000 --- [http-nio-8080-exec-3] o.s.s.w.a.AnonymousAuthenticationFilter  : Set SecurityContextHolder to anonymous SecurityContext
2025-12-02T16:08:59.151-03:00 DEBUG 8000 --- [http-nio-8080-exec-3] o.s.security.web.FilterChainProxy        : Secured GET /swagger-ui.html
2025-12-02T16:08:59.191-03:00 DEBUG 8000 --- [http-nio-8080-exec-5] o.s.security.web.FilterChainProxy        : Securing GET /swagger-ui/index.html
2025-12-02T16:08:59.191-03:00 DEBUG 8000 --- [http-nio-8080-exec-5] o.s.s.w.a.AnonymousAuthenticationFilter  : Set SecurityContextHolder to anonymous SecurityContext
2025-12-02T16:08:59.201-03:00 DEBUG 8000 --- [http-nio-8080-exec-5] o.s.security.web.FilterChainProxy        : Secured GET /swagger-ui/index.html
2025-12-02T16:08:59.272-03:00 DEBUG 8000 --- [http-nio-8080-exec-4] o.s.security.web.FilterChainProxy        : Securing GET /swagger-ui/swagger-ui.css
2025-12-02T16:08:59.272-03:00 DEBUG 8000 --- [http-nio-8080-exec-4] o.s.s.w.a.AnonymousAuthenticationFilter  : Set SecurityContextHolder to anonymous SecurityContext
2025-12-02T16:08:59.272-03:00 DEBUG 8000 --- [http-nio-8080-exec-6] o.s.security.web.FilterChainProxy        : Securing GET /swagger-ui/index.css
2025-12-02T16:08:59.272-03:00 DEBUG 8000 --- [http-nio-8080-exec-6] o.s.s.w.a.AnonymousAuthenticationFilter  : Set SecurityContextHolder to anonymous SecurityContext
2025-12-02T16:08:59.272-03:00 DEBUG 8000 --- [http-nio-8080-exec-8] o.s.security.web.FilterChainProxy        : Securing GET /swagger-ui/swagger-ui-bundle.js
2025-12-02T16:08:59.272-03:00 DEBUG 8000 --- [http-nio-8080-exec-7] o.s.security.web.FilterChainProxy        : Securing GET /swagger-ui/swagger-ui-standalone-preset.js
2025-12-02T16:08:59.272-03:00 DEBUG 8000 --- [http-nio-8080-exec-8] o.s.s.w.a.AnonymousAuthenticationFilter  : Set SecurityContextHolder to anonymous SecurityContext
2025-12-02T16:08:59.272-03:00 DEBUG 8000 --- [http-nio-8080-exec-7] o.s.s.w.a.AnonymousAuthenticationFilter  : Set SecurityContextHolder to anonymous SecurityContext
2025-12-02T16:08:59.272-03:00 DEBUG 8000 --- [http-nio-8080-exec-9] o.s.security.web.FilterChainProxy        : Securing GET /swagger-ui/swagger-initializer.js
2025-12-02T16:08:59.272-03:00 DEBUG 8000 --- [http-nio-8080-exec-9] o.s.s.w.a.AnonymousAuthenticationFilter  : Set SecurityContextHolder to anonymous SecurityContext
2025-12-02T16:08:59.272-03:00 DEBUG 8000 --- [http-nio-8080-exec-6] o.s.security.web.FilterChainProxy        : Secured GET /swagger-ui/index.css
2025-12-02T16:08:59.272-03:00 DEBUG 8000 --- [http-nio-8080-exec-4] o.s.security.web.FilterChainProxy        : Secured GET /swagger-ui/swagger-ui.css
2025-12-02T16:08:59.272-03:00 DEBUG 8000 --- [http-nio-8080-exec-7] o.s.security.web.FilterChainProxy        : Secured GET /swagger-ui/swagger-ui-standalone-preset.js
2025-12-02T16:08:59.272-03:00 DEBUG 8000 --- [http-nio-8080-exec-8] o.s.security.web.FilterChainProxy        : Secured GET /swagger-ui/swagger-ui-bundle.js
2025-12-02T16:08:59.272-03:00 DEBUG 8000 --- [http-nio-8080-exec-9] o.s.security.web.FilterChainProxy        : Secured GET /swagger-ui/swagger-initializer.js
2025-12-02T16:08:59.401-03:00 DEBUG 8000 --- [http-nio-8080-exec-10] o.s.security.web.FilterChainProxy        : Securing GET /swagger-ui/favicon-16x16.png
2025-12-02T16:08:59.401-03:00 DEBUG 8000 --- [http-nio-8080-exec-10] o.s.s.w.a.AnonymousAuthenticationFilter  : Set SecurityContextHolder to anonymous SecurityContext
2025-12-02T16:08:59.407-03:00 DEBUG 8000 --- [http-nio-8080-exec-1] o.s.security.web.FilterChainProxy        : Securing GET /api-docs/swagger-config
2025-12-02T16:08:59.407-03:00 DEBUG 8000 --- [http-nio-8080-exec-10] o.s.security.web.FilterChainProxy        : Secured GET /swagger-ui/favicon-16x16.png
2025-12-02T16:08:59.407-03:00 DEBUG 8000 --- [http-nio-8080-exec-1] o.s.s.w.a.AnonymousAuthenticationFilter  : Set SecurityContextHolder to anonymous SecurityContext
2025-12-02T16:08:59.407-03:00 DEBUG 8000 --- [http-nio-8080-exec-1] o.s.security.web.FilterChainProxy        : Secured GET /api-docs/swagger-config
2025-12-02T16:08:59.461-03:00 DEBUG 8000 --- [http-nio-8080-exec-2] o.s.security.web.FilterChainProxy        : Securing GET /api-docs
2025-12-02T16:08:59.461-03:00 DEBUG 8000 --- [http-nio-8080-exec-2] o.s.s.w.a.AnonymousAuthenticationFilter  : Set SecurityContextHolder to anonymous SecurityContext
2025-12-02T16:08:59.461-03:00 DEBUG 8000 --- [http-nio-8080-exec-2] o.s.security.web.FilterChainProxy        : Secured GET /api-docs
2025-12-02T16:09:01.041-03:00  INFO 8000 --- [http-nio-8080-exec-2] o.springdoc.api.AbstractOpenApiResource  : Init duration for springdoc-openapi is: 1568 ms
2025-12-02T17:05:07.149-03:00  WARN 8000 --- [HikariPool-1 housekeeper] com.zaxxer.hikari.pool.HikariPool        : HikariPool-1 - Thread starvation or clock leap detected (housekeeper delta=31m430ms106µs500ns).
2025-12-02T17:12:47.091-03:00 DEBUG 8000 --- [http-nio-8080-exec-9] o.s.security.web.FilterChainProxy        : Securing POST /auth/login
2025-12-02T17:12:47.092-03:00 DEBUG 8000 --- [http-nio-8080-exec-9] o.s.s.w.a.AnonymousAuthenticationFilter  : Set SecurityContextHolder to anonymous SecurityContext
2025-12-02T17:12:47.093-03:00 DEBUG 8000 --- [http-nio-8080-exec-9] o.s.security.web.FilterChainProxy        : Secured POST /auth/login
2025-12-02T17:12:47.096-03:00 DEBUG 8000 --- [http-nio-8080-exec-9] org.hibernate.SQL                        : 
    select
        u1_0.id_usuario,
        u1_0.activo,
        u1_0.apellido,
        u1_0.email,
        u1_0.fecha_creacion,
        u1_0.fecha_modificacion,
        u1_0.nombre,
        u1_0.password_hash,
        u1_0.rol,
        u1_0.id_sucursal,
        u1_0.ultimo_login,
        u1_0.username 
    from
        usuarios u1_0 
    where
        u1_0.username=?
2025-12-02T17:12:47.150-03:00 DEBUG 8000 --- [http-nio-8080-exec-9] o.s.s.a.dao.DaoAuthenticationProvider    : Failed to authenticate since password does not match stored value
2025-12-02T17:12:47.154-03:00 ERROR 8000 --- [http-nio-8080-exec-9] c.b.p.exception.GlobalExceptionHandler   : Credenciales incorrectas
2025-12-02T17:12:47.156-03:00  WARN 8000 --- [http-nio-8080-exec-9] .m.m.a.ExceptionHandlerExceptionResolver : Resolved [org.springframework.security.authentication.BadCredentialsException: Bad credentials]
2025-12-02T17:12:59.277-03:00 DEBUG 8000 --- [http-nio-8080-exec-10] o.s.security.web.FilterChainProxy        : Securing POST /auth/login
2025-12-02T17:12:59.278-03:00 DEBUG 8000 --- [http-nio-8080-exec-10] o.s.s.w.a.AnonymousAuthenticationFilter  : Set SecurityContextHolder to anonymous SecurityContext
2025-12-02T17:12:59.278-03:00 DEBUG 8000 --- [http-nio-8080-exec-10] o.s.security.web.FilterChainProxy        : Secured POST /auth/login
2025-12-02T17:12:59.281-03:00 DEBUG 8000 --- [http-nio-8080-exec-10] org.hibernate.SQL                        : 
    select
        u1_0.id_usuario,
        u1_0.activo,
        u1_0.apellido,
        u1_0.email,
        u1_0.fecha_creacion,
        u1_0.fecha_modificacion,
        u1_0.nombre,
        u1_0.password_hash,
        u1_0.rol,
        u1_0.id_sucursal,
        u1_0.ultimo_login,
        u1_0.username 
    from
        usuarios u1_0 
    where
        u1_0.username=?
2025-12-02T17:12:59.334-03:00 DEBUG 8000 --- [http-nio-8080-exec-10] o.s.s.a.dao.DaoAuthenticationProvider    : Authenticated user
2025-12-02T17:12:59.336-03:00 DEBUG 8000 --- [http-nio-8080-exec-10] org.hibernate.SQL                        : 
    select
        u1_0.id_usuario,
        u1_0.activo,
        u1_0.apellido,
        u1_0.email,
        u1_0.fecha_creacion,
        u1_0.fecha_modificacion,
        u1_0.nombre,
        u1_0.password_hash,
        u1_0.rol,
        u1_0.id_sucursal,
        u1_0.ultimo_login,
        u1_0.username 
    from
        usuarios u1_0 
    where
        u1_0.username=?
2025-12-02T17:12:59.337-03:00  INFO 8000 --- [http-nio-8080-exec-10] com.belleza.pos.service.AuthService      : Usuario autenticado exitosamente: Adminstrador
2025-12-02T17:12:59.338-03:00 DEBUG 8000 --- [http-nio-8080-exec-10] org.hibernate.SQL                        : 
    update
        usuarios 
    set
        activo=?,
        apellido=?,
        email=?,
        fecha_modificacion=?,
        nombre=?,
        password_hash=?,
        rol=?,
        id_sucursal=?,
        ultimo_login=?,
        username=? 
    where
        id_usuario=?
2025-12-02T17:14:34.673-03:00 DEBUG 8000 --- [http-nio-8080-exec-5] o.s.security.web.FilterChainProxy        : Securing POST /articulos
2025-12-02T17:14:34.700-03:00 DEBUG 8000 --- [http-nio-8080-exec-5] org.hibernate.SQL                        : 
    select
        u1_0.id_usuario,
        u1_0.activo,
        u1_0.apellido,
        u1_0.email,
        u1_0.fecha_creacion,
        u1_0.fecha_modificacion,
        u1_0.nombre,
        u1_0.password_hash,
        u1_0.rol,
        u1_0.id_sucursal,
        u1_0.ultimo_login,
        u1_0.username 
    from
        usuarios u1_0 
    where
        u1_0.username=?
2025-12-02T17:14:34.702-03:00 DEBUG 8000 --- [http-nio-8080-exec-5] c.b.p.s.jwt.JwtAuthenticationFilter      : Usuario autenticado: Adminstrador
2025-12-02T17:14:34.702-03:00 DEBUG 8000 --- [http-nio-8080-exec-5] o.s.security.web.FilterChainProxy        : Secured POST /articulos
2025-12-02T17:14:34.721-03:00 DEBUG 8000 --- [http-nio-8080-exec-5] horizationManagerBeforeMethodInterceptor : Authorizing method invocation ReflectiveMethodInvocation: public org.springframework.http.ResponseEntity com.belleza.pos.controller.ArticuloController.create(com.belleza.pos.dto.request.CreateArticuloRequest); target is of class [com.belleza.pos.controller.ArticuloController]
2025-12-02T17:14:34.735-03:00 DEBUG 8000 --- [http-nio-8080-exec-5] horizationManagerBeforeMethodInterceptor : Authorized method invocation ReflectiveMethodInvocation: public org.springframework.http.ResponseEntity com.belleza.pos.controller.ArticuloController.create(com.belleza.pos.dto.request.CreateArticuloRequest); target is of class [com.belleza.pos.controller.ArticuloController]
2025-12-02T17:14:34.736-03:00  INFO 8000 --- [http-nio-8080-exec-5] c.b.p.service.impl.ArticuloServiceImpl   : Creando artículo con código: 1234567890123
2025-12-02T17:14:34.738-03:00 DEBUG 8000 --- [http-nio-8080-exec-5] org.hibernate.SQL                        : 
    select
        a1_0.id_articulo 
    from
        articulos a1_0 
    where
        a1_0.codigo_barras=? 
    limit
        ?
2025-12-02T17:14:34.757-03:00 DEBUG 8000 --- [http-nio-8080-exec-5] org.hibernate.SQL                        : 
    select
        r1_0.id_rubro,
        r1_0.activo,
        r1_0.descripcion,
        r1_0.fecha_creacion,
        r1_0.fecha_modificacion,
        r1_0.iva_porcentaje,
        r1_0.nombre 
    from
        rubros r1_0 
    where
        r1_0.id_rubro=?
2025-12-02T17:14:34.779-03:00 DEBUG 8000 --- [http-nio-8080-exec-5] org.hibernate.SQL                        : 
    insert 
    into
        articulos
        (activo, codigo_barras, descripcion, en_oferta, fecha_creacion, fecha_modificacion, fecha_vencimiento, imagen_url, publicar_en_web, id_rubro, stock_actual, stock_maximo, stock_minimo, unidad_venta, usa_control_stock) 
    values
        (?, ?, ?, ?, ?, ?, ?, ?, ?, ?, ?, ?, ?, ?, ?)
2025-12-02T17:14:34.792-03:00 DEBUG 8000 --- [http-nio-8080-exec-5] org.hibernate.SQL                        : 
    select
        lp1_0.id_lista,
        lp1_0.activo,
        lp1_0.descripcion,
        lp1_0.es_predeterminada,
        lp1_0.fecha_creacion,
        lp1_0.fecha_modificacion,
        lp1_0.nombre 
    from
        listas_precios lp1_0 
    where
        lp1_0.id_lista=?
2025-12-02T17:14:34.795-03:00 DEBUG 8000 --- [http-nio-8080-exec-5] org.hibernate.SQL                        : 
    insert 
    into
        articulos_precios
        (id_articulo, fecha_ultima_actualizacion, id_lista, porcentaje_utilidad, precio_costo, precio_venta) 
    values
        (?, ?, ?, ?, ?, ?)
2025-12-02T17:14:34.815-03:00 ERROR 8000 --- [http-nio-8080-exec-5] c.b.p.exception.GlobalExceptionHandler   : Error inesperado: 

java.lang.RuntimeException: java.lang.StackOverflowError
	at org.springframework.data.repository.core.support.RepositoryMethodInvoker$RepositoryFragmentMethodInvoker.lambda$new$0(RepositoryMethodInvoker.java:281) ~[spring-data-commons-3.2.0.jar:3.2.0]
	at org.springframework.data.repository.core.support.RepositoryMethodInvoker.doInvoke(RepositoryMethodInvoker.java:170) ~[spring-data-commons-3.2.0.jar:3.2.0]
	at org.springframework.data.repository.core.support.RepositoryMethodInvoker.invoke(RepositoryMethodInvoker.java:158) ~[spring-data-commons-3.2.0.jar:3.2.0]
	at org.springframework.data.repository.core.support.RepositoryComposition$RepositoryFragments.invoke(RepositoryComposition.java:516) ~[spring-data-commons-3.2.0.jar:3.2.0]
	at org.springframework.data.repository.core.support.RepositoryComposition.invoke(RepositoryComposition.java:285) ~[spring-data-commons-3.2.0.jar:3.2.0]
	at org.springframework.data.repository.core.support.RepositoryFactorySupport$ImplementationMethodExecutionInterceptor.invoke(RepositoryFactorySupport.java:628) ~[spring-data-commons-3.2.0.jar:3.2.0]
	at org.springframework.aop.framework.ReflectiveMethodInvocation.proceed(ReflectiveMethodInvocation.java:184) ~[spring-aop-6.1.1.jar:6.1.1]
	at org.springframework.data.repository.core.support.QueryExecutorMethodInterceptor.doInvoke(QueryExecutorMethodInterceptor.java:168) ~[spring-data-commons-3.2.0.jar:3.2.0]
	at org.springframework.data.repository.core.support.QueryExecutorMethodInterceptor.invoke(QueryExecutorMethodInterceptor.java:143) ~[spring-data-commons-3.2.0.jar:3.2.0]
	at org.springframework.aop.framework.ReflectiveMethodInvocation.proceed(ReflectiveMethodInvocation.java:184) ~[spring-aop-6.1.1.jar:6.1.1]
	at org.springframework.data.projection.DefaultMethodInvokingMethodInterceptor.invoke(DefaultMethodInvokingMethodInterceptor.java:70) ~[spring-data-commons-3.2.0.jar:3.2.0]
	at org.springframework.aop.framework.ReflectiveMethodInvocation.proceed(ReflectiveMethodInvocation.java:184) ~[spring-aop-6.1.1.jar:6.1.1]
	at org.springframework.transaction.interceptor.TransactionInterceptor$1.proceedWithInvocation(TransactionInterceptor.java:123) ~[spring-tx-6.1.1.jar:6.1.1]
	at org.springframework.transaction.interceptor.TransactionAspectSupport.invokeWithinTransaction(TransactionAspectSupport.java:385) ~[spring-tx-6.1.1.jar:6.1.1]
	at org.springframework.transaction.interceptor.TransactionInterceptor.invoke(TransactionInterceptor.java:119) ~[spring-tx-6.1.1.jar:6.1.1]
	at org.springframework.aop.framework.ReflectiveMethodInvocation.proceed(ReflectiveMethodInvocation.java:184) ~[spring-aop-6.1.1.jar:6.1.1]
	at org.springframework.dao.support.PersistenceExceptionTranslationInterceptor.invoke(PersistenceExceptionTranslationInterceptor.java:137) ~[spring-tx-6.1.1.jar:6.1.1]
	at org.springframework.aop.framework.ReflectiveMethodInvocation.proceed(ReflectiveMethodInvocation.java:184) ~[spring-aop-6.1.1.jar:6.1.1]
	at org.springframework.data.jpa.repository.support.CrudMethodMetadataPostProcessor$CrudMethodMetadataPopulatingMethodInterceptor.invoke(CrudMethodMetadataPostProcessor.java:164) ~[spring-data-jpa-3.2.0.jar:3.2.0]
	at org.springframework.aop.framework.ReflectiveMethodInvocation.proceed(ReflectiveMethodInvocation.java:184) ~[spring-aop-6.1.1.jar:6.1.1]
	at org.springframework.aop.interceptor.ExposeInvocationInterceptor.invoke(ExposeInvocationInterceptor.java:97) ~[spring-aop-6.1.1.jar:6.1.1]
	at org.springframework.aop.framework.ReflectiveMethodInvocation.proceed(ReflectiveMethodInvocation.java:184) ~[spring-aop-6.1.1.jar:6.1.1]
	at org.springframework.aop.framework.JdkDynamicAopProxy.invoke(JdkDynamicAopProxy.java:249) ~[spring-aop-6.1.1.jar:6.1.1]
	at jdk.proxy4/jdk.proxy4.$Proxy168.save(Unknown Source) ~[na:na]
	at com.belleza.pos.service.impl.ArticuloServiceImpl.create(ArticuloServiceImpl.java:85) ~[classes/:na]
	at java.base/jdk.internal.reflect.DirectMethodHandleAccessor.invoke(DirectMethodHandleAccessor.java:103) ~[na:na]
	at java.base/java.lang.reflect.Method.invoke(Method.java:580) ~[na:na]
	at org.springframework.aop.support.AopUtils.invokeJoinpointUsingReflection(AopUtils.java:352) ~[spring-aop-6.1.1.jar:6.1.1]
	at org.springframework.aop.framework.ReflectiveMethodInvocation.invokeJoinpoint(ReflectiveMethodInvocation.java:196) ~[spring-aop-6.1.1.jar:6.1.1]
	at org.springframework.aop.framework.ReflectiveMethodInvocation.proceed(ReflectiveMethodInvocation.java:163) ~[spring-aop-6.1.1.jar:6.1.1]
	at org.springframework.aop.framework.CglibAopProxy$CglibMethodInvocation.proceed(CglibAopProxy.java:765) ~[spring-aop-6.1.1.jar:6.1.1]
	at org.springframework.transaction.interceptor.TransactionInterceptor$1.proceedWithInvocation(TransactionInterceptor.java:123) ~[spring-tx-6.1.1.jar:6.1.1]
	at org.springframework.transaction.interceptor.TransactionAspectSupport.invokeWithinTransaction(TransactionAspectSupport.java:385) ~[spring-tx-6.1.1.jar:6.1.1]
	at org.springframework.transaction.interceptor.TransactionInterceptor.invoke(TransactionInterceptor.java:119) ~[spring-tx-6.1.1.jar:6.1.1]
	at org.springframework.aop.framework.ReflectiveMethodInvocation.proceed(ReflectiveMethodInvocation.java:184) ~[spring-aop-6.1.1.jar:6.1.1]
	at org.springframework.aop.framework.CglibAopProxy$CglibMethodInvocation.proceed(CglibAopProxy.java:765) ~[spring-aop-6.1.1.jar:6.1.1]
	at org.springframework.aop.framework.CglibAopProxy$DynamicAdvisedInterceptor.intercept(CglibAopProxy.java:717) ~[spring-aop-6.1.1.jar:6.1.1]
	at com.belleza.pos.service.impl.ArticuloServiceImpl$$SpringCGLIB$$0.create(<generated>) ~[classes/:na]
	at com.belleza.pos.controller.ArticuloController.create(ArticuloController.java:45) ~[classes/:na]
	at java.base/jdk.internal.reflect.DirectMethodHandleAccessor.invoke(DirectMethodHandleAccessor.java:103) ~[na:na]
	at java.base/java.lang.reflect.Method.invoke(Method.java:580) ~[na:na]
	at org.springframework.aop.support.AopUtils.invokeJoinpointUsingReflection(AopUtils.java:352) ~[spring-aop-6.1.1.jar:6.1.1]
	at org.springframework.aop.framework.ReflectiveMethodInvocation.invokeJoinpoint(ReflectiveMethodInvocation.java:196) ~[spring-aop-6.1.1.jar:6.1.1]
	at org.springframework.aop.framework.ReflectiveMethodInvocation.proceed(ReflectiveMethodInvocation.java:163) ~[spring-aop-6.1.1.jar:6.1.1]
	at org.springframework.aop.framework.CglibAopProxy$CglibMethodInvocation.proceed(CglibAopProxy.java:765) ~[spring-aop-6.1.1.jar:6.1.1]
	at org.springframework.security.authorization.method.AuthorizationManagerBeforeMethodInterceptor.invoke(AuthorizationManagerBeforeMethodInterceptor.java:198) ~[spring-security-core-6.2.0.jar:6.2.0]
	at org.springframework.aop.framework.ReflectiveMethodInvocation.proceed(ReflectiveMethodInvocation.java:184) ~[spring-aop-6.1.1.jar:6.1.1]
	at org.springframework.aop.framework.CglibAopProxy$CglibMethodInvocation.proceed(CglibAopProxy.java:765) ~[spring-aop-6.1.1.jar:6.1.1]
	at org.springframework.aop.framework.CglibAopProxy$DynamicAdvisedInterceptor.intercept(CglibAopProxy.java:717) ~[spring-aop-6.1.1.jar:6.1.1]
	at com.belleza.pos.controller.ArticuloController$$SpringCGLIB$$0.create(<generated>) ~[classes/:na]
	at java.base/jdk.internal.reflect.DirectMethodHandleAccessor.invoke(DirectMethodHandleAccessor.java:103) ~[na:na]
	at java.base/java.lang.reflect.Method.invoke(Method.java:580) ~[na:na]
	at org.springframework.web.method.support.InvocableHandlerMethod.doInvoke(InvocableHandlerMethod.java:254) ~[spring-web-6.1.1.jar:6.1.1]
	at org.springframework.web.method.support.InvocableHandlerMethod.invokeForRequest(InvocableHandlerMethod.java:182) ~[spring-web-6.1.1.jar:6.1.1]
	at org.springframework.web.servlet.mvc.method.annotation.ServletInvocableHandlerMethod.invokeAndHandle(ServletInvocableHandlerMethod.java:118) ~[spring-webmvc-6.1.1.jar:6.1.1]
	at org.springframework.web.servlet.mvc.method.annotation.RequestMappingHandlerAdapter.invokeHandlerMethod(RequestMappingHandlerAdapter.java:917) ~[spring-webmvc-6.1.1.jar:6.1.1]
	at org.springframework.web.servlet.mvc.method.annotation.RequestMappingHandlerAdapter.handleInternal(RequestMappingHandlerAdapter.java:829) ~[spring-webmvc-6.1.1.jar:6.1.1]
	at org.springframework.web.servlet.mvc.method.AbstractHandlerMethodAdapter.handle(AbstractHandlerMethodAdapter.java:87) ~[spring-webmvc-6.1.1.jar:6.1.1]
	at org.springframework.web.servlet.DispatcherServlet.doDispatch(DispatcherServlet.java:1089) ~[spring-webmvc-6.1.1.jar:6.1.1]
	at org.springframework.web.servlet.DispatcherServlet.doService(DispatcherServlet.java:979) ~[spring-webmvc-6.1.1.jar:6.1.1]
	at org.springframework.web.servlet.FrameworkServlet.processRequest(FrameworkServlet.java:1014) ~[spring-webmvc-6.1.1.jar:6.1.1]
	at org.springframework.web.servlet.FrameworkServlet.doPost(FrameworkServlet.java:914) ~[spring-webmvc-6.1.1.jar:6.1.1]
	at jakarta.servlet.http.HttpServlet.service(HttpServlet.java:590) ~[tomcat-embed-core-10.1.16.jar:6.0]
	at org.springframework.web.servlet.FrameworkServlet.service(FrameworkServlet.java:885) ~[spring-webmvc-6.1.1.jar:6.1.1]
	at jakarta.servlet.http.HttpServlet.service(HttpServlet.java:658) ~[tomcat-embed-core-10.1.16.jar:6.0]
	at org.apache.catalina.core.ApplicationFilterChain.internalDoFilter(ApplicationFilterChain.java:205) ~[tomcat-embed-core-10.1.16.jar:10.1.16]
	at org.apache.catalina.core.ApplicationFilterChain.doFilter(ApplicationFilterChain.java:149) ~[tomcat-embed-core-10.1.16.jar:10.1.16]
	at org.apache.tomcat.websocket.server.WsFilter.doFilter(WsFilter.java:51) ~[tomcat-embed-websocket-10.1.16.jar:10.1.16]
	at org.apache.catalina.core.ApplicationFilterChain.internalDoFilter(ApplicationFilterChain.java:174) ~[tomcat-embed-core-10.1.16.jar:10.1.16]
	at org.apache.catalina.core.ApplicationFilterChain.doFilter(ApplicationFilterChain.java:149) ~[tomcat-embed-core-10.1.16.jar:10.1.16]
	at org.springframework.web.filter.OncePerRequestFilter.doFilter(OncePerRequestFilter.java:110) ~[spring-web-6.1.1.jar:6.1.1]
	at org.apache.catalina.core.ApplicationFilterChain.internalDoFilter(ApplicationFilterChain.java:174) ~[tomcat-embed-core-10.1.16.jar:10.1.16]
	at org.apache.catalina.core.ApplicationFilterChain.doFilter(ApplicationFilterChain.java:149) ~[tomcat-embed-core-10.1.16.jar:10.1.16]
	at org.springframework.security.web.FilterChainProxy.lambda$doFilterInternal$3(FilterChainProxy.java:231) ~[spring-security-web-6.2.0.jar:6.2.0]
	at org.springframework.security.web.FilterChainProxy$VirtualFilterChain.doFilter(FilterChainProxy.java:365) ~[spring-security-web-6.2.0.jar:6.2.0]
	at org.springframework.security.web.access.intercept.AuthorizationFilter.doFilter(AuthorizationFilter.java:100) ~[spring-security-web-6.2.0.jar:6.2.0]
	at org.springframework.security.web.FilterChainProxy$VirtualFilterChain.doFilter(FilterChainProxy.java:374) ~[spring-security-web-6.2.0.jar:6.2.0]
	at org.springframework.security.web.access.ExceptionTranslationFilter.doFilter(ExceptionTranslationFilter.java:126) ~[spring-security-web-6.2.0.jar:6.2.0]
	at org.springframework.security.web.access.ExceptionTranslationFilter.doFilter(ExceptionTranslationFilter.java:120) ~[spring-security-web-6.2.0.jar:6.2.0]
	at org.springframework.security.web.FilterChainProxy$VirtualFilterChain.doFilter(FilterChainProxy.java:374) ~[spring-security-web-6.2.0.jar:6.2.0]
	at org.springframework.security.web.session.SessionManagementFilter.doFilter(SessionManagementFilter.java:131) ~[spring-security-web-6.2.0.jar:6.2.0]
	at org.springframework.security.web.session.SessionManagementFilter.doFilter(SessionManagementFilter.java:85) ~[spring-security-web-6.2.0.jar:6.2.0]
	at org.springframework.security.web.FilterChainProxy$VirtualFilterChain.doFilter(FilterChainProxy.java:374) ~[spring-security-web-6.2.0.jar:6.2.0]
	at org.springframework.security.web.authentication.AnonymousAuthenticationFilter.doFilter(AnonymousAuthenticationFilter.java:100) ~[spring-security-web-6.2.0.jar:6.2.0]
	at org.springframework.security.web.FilterChainProxy$VirtualFilterChain.doFilter(FilterChainProxy.java:374) ~[spring-security-web-6.2.0.jar:6.2.0]
	at org.springframework.security.web.servletapi.SecurityContextHolderAwareRequestFilter.doFilter(SecurityContextHolderAwareRequestFilter.java:179) ~[spring-security-web-6.2.0.jar:6.2.0]
	at org.springframework.security.web.FilterChainProxy$VirtualFilterChain.doFilter(FilterChainProxy.java:374) ~[spring-security-web-6.2.0.jar:6.2.0]
	at org.springframework.security.web.savedrequest.RequestCacheAwareFilter.doFilter(RequestCacheAwareFilter.java:63) ~[spring-security-web-6.2.0.jar:6.2.0]
	at org.springframework.security.web.FilterChainProxy$VirtualFilterChain.doFilter(FilterChainProxy.java:374) ~[spring-security-web-6.2.0.jar:6.2.0]
	at com.belleza.pos.security.jwt.JwtAuthenticationFilter.doFilterInternal(JwtAuthenticationFilter.java:64) ~[classes/:na]
	at org.springframework.web.filter.OncePerRequestFilter.doFilter(OncePerRequestFilter.java:116) ~[spring-web-6.1.1.jar:6.1.1]
	at org.springframework.security.web.FilterChainProxy$VirtualFilterChain.doFilter(FilterChainProxy.java:374) ~[spring-security-web-6.2.0.jar:6.2.0]
	at org.springframework.security.web.authentication.logout.LogoutFilter.doFilter(LogoutFilter.java:107) ~[spring-security-web-6.2.0.jar:6.2.0]
	at org.springframework.security.web.authentication.logout.LogoutFilter.doFilter(LogoutFilter.java:93) ~[spring-security-web-6.2.0.jar:6.2.0]
	at org.springframework.security.web.FilterChainProxy$VirtualFilterChain.doFilter(FilterChainProxy.java:374) ~[spring-security-web-6.2.0.jar:6.2.0]
	at org.springframework.web.filter.CorsFilter.doFilterInternal(CorsFilter.java:91) ~[spring-web-6.1.1.jar:6.1.1]
	at org.springframework.web.filter.OncePerRequestFilter.doFilter(OncePerRequestFilter.java:116) ~[spring-web-6.1.1.jar:6.1.1]
	at org.springframework.security.web.FilterChainProxy$VirtualFilterChain.doFilter(FilterChainProxy.java:374) ~[spring-security-web-6.2.0.jar:6.2.0]
	at org.springframework.security.web.header.HeaderWriterFilter.doHeadersAfter(HeaderWriterFilter.java:90) ~[spring-security-web-6.2.0.jar:6.2.0]
	at org.springframework.security.web.header.HeaderWriterFilter.doFilterInternal(HeaderWriterFilter.java:75) ~[spring-security-web-6.2.0.jar:6.2.0]
	at org.springframework.web.filter.OncePerRequestFilter.doFilter(OncePerRequestFilter.java:116) ~[spring-web-6.1.1.jar:6.1.1]
	at org.springframework.security.web.FilterChainProxy$VirtualFilterChain.doFilter(FilterChainProxy.java:374) ~[spring-security-web-6.2.0.jar:6.2.0]
	at org.springframework.security.web.context.SecurityContextHolderFilter.doFilter(SecurityContextHolderFilter.java:82) ~[spring-security-web-6.2.0.jar:6.2.0]
	at org.springframework.security.web.context.SecurityContextHolderFilter.doFilter(SecurityContextHolderFilter.java:69) ~[spring-security-web-6.2.0.jar:6.2.0]
	at org.springframework.security.web.FilterChainProxy$VirtualFilterChain.doFilter(FilterChainProxy.java:374) ~[spring-security-web-6.2.0.jar:6.2.0]
	at org.springframework.security.web.context.request.async.WebAsyncManagerIntegrationFilter.doFilterInternal(WebAsyncManagerIntegrationFilter.java:62) ~[spring-security-web-6.2.0.jar:6.2.0]
	at org.springframework.web.filter.OncePerRequestFilter.doFilter(OncePerRequestFilter.java:116) ~[spring-web-6.1.1.jar:6.1.1]
	at org.springframework.security.web.FilterChainProxy$VirtualFilterChain.doFilter(FilterChainProxy.java:374) ~[spring-security-web-6.2.0.jar:6.2.0]
	at org.springframework.security.web.session.DisableEncodeUrlFilter.doFilterInternal(DisableEncodeUrlFilter.java:42) ~[spring-security-web-6.2.0.jar:6.2.0]
	at org.springframework.web.filter.OncePerRequestFilter.doFilter(OncePerRequestFilter.java:116) ~[spring-web-6.1.1.jar:6.1.1]
	at org.springframework.security.web.FilterChainProxy$VirtualFilterChain.doFilter(FilterChainProxy.java:374) ~[spring-security-web-6.2.0.jar:6.2.0]
	at org.springframework.security.web.FilterChainProxy.doFilterInternal(FilterChainProxy.java:233) ~[spring-security-web-6.2.0.jar:6.2.0]
	at org.springframework.security.web.FilterChainProxy.doFilter(FilterChainProxy.java:191) ~[spring-security-web-6.2.0.jar:6.2.0]
	at org.springframework.web.filter.DelegatingFilterProxy.invokeDelegate(DelegatingFilterProxy.java:352) ~[spring-web-6.1.1.jar:6.1.1]
	at org.springframework.web.filter.DelegatingFilterProxy.doFilter(DelegatingFilterProxy.java:268) ~[spring-web-6.1.1.jar:6.1.1]
	at org.apache.catalina.core.ApplicationFilterChain.internalDoFilter(ApplicationFilterChain.java:174) ~[tomcat-embed-core-10.1.16.jar:10.1.16]
	at org.apache.catalina.core.ApplicationFilterChain.doFilter(ApplicationFilterChain.java:149) ~[tomcat-embed-core-10.1.16.jar:10.1.16]
	at org.springframework.web.filter.RequestContextFilter.doFilterInternal(RequestContextFilter.java:100) ~[spring-web-6.1.1.jar:6.1.1]
	at org.springframework.web.filter.OncePerRequestFilter.doFilter(OncePerRequestFilter.java:116) ~[spring-web-6.1.1.jar:6.1.1]
	at org.apache.catalina.core.ApplicationFilterChain.internalDoFilter(ApplicationFilterChain.java:174) ~[tomcat-embed-core-10.1.16.jar:10.1.16]
	at org.apache.catalina.core.ApplicationFilterChain.doFilter(ApplicationFilterChain.java:149) ~[tomcat-embed-core-10.1.16.jar:10.1.16]
	at org.springframework.web.filter.FormContentFilter.doFilterInternal(FormContentFilter.java:93) ~[spring-web-6.1.1.jar:6.1.1]
	at org.springframework.web.filter.OncePerRequestFilter.doFilter(OncePerRequestFilter.java:116) ~[spring-web-6.1.1.jar:6.1.1]
	at org.apache.catalina.core.ApplicationFilterChain.internalDoFilter(ApplicationFilterChain.java:174) ~[tomcat-embed-core-10.1.16.jar:10.1.16]
	at org.apache.catalina.core.ApplicationFilterChain.doFilter(ApplicationFilterChain.java:149) ~[tomcat-embed-core-10.1.16.jar:10.1.16]
	at org.springframework.web.filter.CharacterEncodingFilter.doFilterInternal(CharacterEncodingFilter.java:201) ~[spring-web-6.1.1.jar:6.1.1]
	at org.springframework.web.filter.OncePerRequestFilter.doFilter(OncePerRequestFilter.java:116) ~[spring-web-6.1.1.jar:6.1.1]
	at org.apache.catalina.core.ApplicationFilterChain.internalDoFilter(ApplicationFilterChain.java:174) ~[tomcat-embed-core-10.1.16.jar:10.1.16]
	at org.apache.catalina.core.ApplicationFilterChain.doFilter(ApplicationFilterChain.java:149) ~[tomcat-embed-core-10.1.16.jar:10.1.16]
	at org.apache.catalina.core.StandardWrapperValve.invoke(StandardWrapperValve.java:167) ~[tomcat-embed-core-10.1.16.jar:10.1.16]
	at org.apache.catalina.core.StandardContextValve.invoke(StandardContextValve.java:90) ~[tomcat-embed-core-10.1.16.jar:10.1.16]
	at org.apache.catalina.authenticator.AuthenticatorBase.invoke(AuthenticatorBase.java:482) ~[tomcat-embed-core-10.1.16.jar:10.1.16]
	at org.apache.catalina.core.StandardHostValve.invoke(StandardHostValve.java:115) ~[tomcat-embed-core-10.1.16.jar:10.1.16]
	at org.apache.catalina.valves.ErrorReportValve.invoke(ErrorReportValve.java:93) ~[tomcat-embed-core-10.1.16.jar:10.1.16]
	at org.apache.catalina.core.StandardEngineValve.invoke(StandardEngineValve.java:74) ~[tomcat-embed-core-10.1.16.jar:10.1.16]
	at org.apache.catalina.connector.CoyoteAdapter.service(CoyoteAdapter.java:340) ~[tomcat-embed-core-10.1.16.jar:10.1.16]
	at org.apache.coyote.http11.Http11Processor.service(Http11Processor.java:391) ~[tomcat-embed-core-10.1.16.jar:10.1.16]
	at org.apache.coyote.AbstractProcessorLight.process(AbstractProcessorLight.java:63) ~[tomcat-embed-core-10.1.16.jar:10.1.16]
	at org.apache.coyote.AbstractProtocol$ConnectionHandler.process(AbstractProtocol.java:896) ~[tomcat-embed-core-10.1.16.jar:10.1.16]
	at org.apache.tomcat.util.net.NioEndpoint$SocketProcessor.doRun(NioEndpoint.java:1744) ~[tomcat-embed-core-10.1.16.jar:10.1.16]
	at org.apache.tomcat.util.net.SocketProcessorBase.run(SocketProcessorBase.java:52) ~[tomcat-embed-core-10.1.16.jar:10.1.16]
	at org.apache.tomcat.util.threads.ThreadPoolExecutor.runWorker(ThreadPoolExecutor.java:1191) ~[tomcat-embed-core-10.1.16.jar:10.1.16]
	at org.apache.tomcat.util.threads.ThreadPoolExecutor$Worker.run(ThreadPoolExecutor.java:659) ~[tomcat-embed-core-10.1.16.jar:10.1.16]
	at org.apache.tomcat.util.threads.TaskThread$WrappingRunnable.run(TaskThread.java:61) ~[tomcat-embed-core-10.1.16.jar:10.1.16]
	at java.base/java.lang.Thread.run(Thread.java:1583) ~[na:na]
Caused by: java.lang.StackOverflowError: null
	at com.belleza.pos.entity.ArticuloPrecio.hashCode(ArticuloPrecio.java:17) ~[classes/:na]
	at java.base/java.util.AbstractSet.hashCode(AbstractSet.java:124) ~[na:na]
	at org.hibernate.collection.spi.PersistentSet.hashCode(PersistentSet.java:413) ~[hibernate-core-6.3.1.Final.jar:6.3.1.Final]
	at com.belleza.pos.entity.Articulo.hashCode(Articulo.java:23) ~[classes/:na]
	at com.belleza.pos.entity.ArticuloPrecio.hashCode(ArticuloPrecio.java:17) ~[classes/:na]
	at java.base/java.util.AbstractSet.hashCode(AbstractSet.java:124) ~[na:na]
	at org.hibernate.collection.spi.PersistentSet.hashCode(PersistentSet.java:413) ~[hibernate-core-6.3.1.Final.jar:6.3.1.Final]
	at com.belleza.pos.entity.Articulo.hashCode(Articulo.java:23) ~[classes/:na]
	at com.belleza.pos.entity.ArticuloPrecio.hashCode(ArticuloPrecio.java:17) ~[classes/:na]
	at java.base/java.util.AbstractSet.hashCode(AbstractSet.java:124) ~[na:na]
	at org.hibernate.collection.spi.PersistentSet.hashCode(PersistentSet.java:413) ~[hibernate-core-6.3.1.Final.jar:6.3.1.Final]
	at com.belleza.pos.entity.Articulo.hashCode(Articulo.java:23) ~[classes/:na]
	at com.belleza.pos.entity.ArticuloPrecio.hashCode(ArticuloPrecio.java:17) ~[classes/:na]
	at java.base/java.util.AbstractSet.hashCode(AbstractSet.java:124) ~[na:na]
	at org.hibernate.collection.spi.PersistentSet.hashCode(PersistentSet.java:413) ~[hibernate-core-6.3.1.Final.jar:6.3.1.Final]
	at com.belleza.pos.entity.Articulo.hashCode(Articulo.java:23) ~[classes/:na]
	at com.belleza.pos.entity.ArticuloPrecio.hashCode(ArticuloPrecio.java:17) ~[classes/:na]
	at java.base/java.util.AbstractSet.hashCode(AbstractSet.java:124) ~[na:na]
	at org.hibernate.collection.spi.PersistentSet.hashCode(PersistentSet.java:413) ~[hibernate-core-6.3.1.Final.jar:6.3.1.Final]
	at com.belleza.pos.entity.Articulo.hashCode(Articulo.java:23) ~[classes/:na]
	at com.belleza.pos.entity.ArticuloPrecio.hashCode(ArticuloPrecio.java:17) ~[classes/:na]
	at java.base/java.util.AbstractSet.hashCode(AbstractSet.java:124) ~[na:na]
	at org.hibernate.collection.spi.PersistentSet.hashCode(PersistentSet.java:413) ~[hibernate-core-6.3.1.Final.jar:6.3.1.Final]
	at com.belleza.pos.entity.Articulo.hashCode(Articulo.java:23) ~[classes/:na]
	at com.belleza.pos.entity.ArticuloPrecio.hashCode(ArticuloPrecio.java:17) ~[classes/:na]
	at java.base/java.util.AbstractSet.hashCode(AbstractSet.java:124) ~[na:na]
	at org.hibernate.collection.spi.PersistentSet.hashCode(PersistentSet.java:413) ~[hibernate-core-6.3.1.Final.jar:6.3.1.Final]
	at com.belleza.pos.entity.Articulo.hashCode(Articulo.java:23) ~[classes/:na]
	at com.belleza.pos.entity.ArticuloPrecio.hashCode(ArticuloPrecio.java:17) ~[classes/:na]
	at java.base/java.util.AbstractSet.hashCode(AbstractSet.java:124) ~[na:na]
	at org.hibernate.collection.spi.PersistentSet.hashCode(PersistentSet.java:413) ~[hibernate-core-6.3.1.Final.jar:6.3.1.Final]
	at com.belleza.pos.entity.Articulo.hashCode(Articulo.java:23) ~[classes/:na]
	at com.belleza.pos.entity.ArticuloPrecio.hashCode(ArticuloPrecio.java:17) ~[classes/:na]
	at java.base/java.util.AbstractSet.hashCode(AbstractSet.java:124) ~[na:na]
	at org.hibernate.collection.spi.PersistentSet.hashCode(PersistentSet.java:413) ~[hibernate-core-6.3.1.Final.jar:6.3.1.Final]
	at com.belleza.pos.entity.Articulo.hashCode(Articulo.java:23) ~[classes/:na]
	at com.belleza.pos.entity.ArticuloPrecio.hashCode(ArticuloPrecio.java:17) ~[classes/:na]
	at java.base/java.util.AbstractSet.hashCode(AbstractSet.java:124) ~[na:na]
	at org.hibernate.collection.spi.PersistentSet.hashCode(PersistentSet.java:413) ~[hibernate-core-6.3.1.Final.jar:6.3.1.Final]
	at com.belleza.pos.entity.Articulo.hashCode(Articulo.java:23) ~[classes/:na]
	at com.belleza.pos.entity.ArticuloPrecio.hashCode(ArticuloPrecio.java:17) ~[classes/:na]
	at java.base/java.util.AbstractSet.hashCode(AbstractSet.java:124) ~[na:na]
	at org.hibernate.collection.spi.PersistentSet.hashCode(PersistentSet.java:413) ~[hibernate-core-6.3.1.Final.jar:6.3.1.Final]
	at com.belleza.pos.entity.Articulo.hashCode(Articulo.java:23) ~[classes/:na]
	at com.belleza.pos.entity.ArticuloPrecio.hashCode(ArticuloPrecio.java:17) ~[classes/:na]
	at java.base/java.util.AbstractSet.hashCode(AbstractSet.java:124) ~[na:na]
	at org.hibernate.collection.spi.PersistentSet.hashCode(PersistentSet.java:413) ~[hibernate-core-6.3.1.Final.jar:6.3.1.Final]
	at com.belleza.pos.entity.Articulo.hashCode(Articulo.java:23) ~[classes/:na]
	at com.belleza.pos.entity.ArticuloPrecio.hashCode(ArticuloPrecio.java:17) ~[classes/:na]
	at java.base/java.util.AbstractSet.hashCode(AbstractSet.java:124) ~[na:na]
	at org.hibernate.collection.spi.PersistentSet.hashCode(PersistentSet.java:413) ~[hibernate-core-6.3.1.Final.jar:6.3.1.Final]
	at com.belleza.pos.entity.Articulo.hashCode(Articulo.java:23) ~[classes/:na]
	at com.belleza.pos.entity.ArticuloPrecio.hashCode(ArticuloPrecio.java:17) ~[classes/:na]
	at java.base/java.util.AbstractSet.hashCode(AbstractSet.java:124) ~[na:na]
	at org.hibernate.collection.spi.PersistentSet.hashCode(PersistentSet.java:413) ~[hibernate-core-6.3.1.Final.jar:6.3.1.Final]
	at com.belleza.pos.entity.Articulo.hashCode(Articulo.java:23) ~[classes/:na]
	at com.belleza.pos.entity.ArticuloPrecio.hashCode(ArticuloPrecio.java:17) ~[classes/:na]
	at java.base/java.util.AbstractSet.hashCode(AbstractSet.java:124) ~[na:na]
	at org.hibernate.collection.spi.PersistentSet.hashCode(PersistentSet.java:413) ~[hibernate-core-6.3.1.Final.jar:6.3.1.Final]
	at com.belleza.pos.entity.Articulo.hashCode(Articulo.java:23) ~[classes/:na]
	at com.belleza.pos.entity.ArticuloPrecio.hashCode(ArticuloPrecio.java:17) ~[classes/:na]
	at java.base/java.util.AbstractSet.hashCode(AbstractSet.java:124) ~[na:na]
	at org.hibernate.collection.spi.PersistentSet.hashCode(PersistentSet.java:413) ~[hibernate-core-6.3.1.Final.jar:6.3.1.Final]
	at com.belleza.pos.entity.Articulo.hashCode(Articulo.java:23) ~[classes/:na]
	at com.belleza.pos.entity.ArticuloPrecio.hashCode(ArticuloPrecio.java:17) ~[classes/:na]
	at java.base/java.util.AbstractSet.hashCode(AbstractSet.java:124) ~[na:na]
	at org.hibernate.collection.spi.PersistentSet.hashCode(PersistentSet.java:413) ~[hibernate-core-6.3.1.Final.jar:6.3.1.Final]
	at com.belleza.pos.entity.Articulo.hashCode(Articulo.java:23) ~[classes/:na]
	at com.belleza.pos.entity.ArticuloPrecio.hashCode(ArticuloPrecio.java:17) ~[classes/:na]
	at java.base/java.util.AbstractSet.hashCode(AbstractSet.java:124) ~[na:na]
	at org.hibernate.collection.spi.PersistentSet.hashCode(PersistentSet.java:413) ~[hibernate-core-6.3.1.Final.jar:6.3.1.Final]
	at com.belleza.pos.entity.Articulo.hashCode(Articulo.java:23) ~[classes/:na]
	at com.belleza.pos.entity.ArticuloPrecio.hashCode(ArticuloPrecio.java:17) ~[classes/:na]
	at java.base/java.util.AbstractSet.hashCode(AbstractSet.java:124) ~[na:na]
	at org.hibernate.collection.spi.PersistentSet.hashCode(PersistentSet.java:413) ~[hibernate-core-6.3.1.Final.jar:6.3.1.Final]
	at com.belleza.pos.entity.Articulo.hashCode(Articulo.java:23) ~[classes/:na]
	at com.belleza.pos.entity.ArticuloPrecio.hashCode(ArticuloPrecio.java:17) ~[classes/:na]
	at java.base/java.util.AbstractSet.hashCode(AbstractSet.java:124) ~[na:na]
	at org.hibernate.collection.spi.PersistentSet.hashCode(PersistentSet.java:413) ~[hibernate-core-6.3.1.Final.jar:6.3.1.Final]
	at com.belleza.pos.entity.Articulo.hashCode(Articulo.java:23) ~[classes/:na]
	at com.belleza.pos.entity.ArticuloPrecio.hashCode(ArticuloPrecio.java:17) ~[classes/:na]
	at java.base/java.util.AbstractSet.hashCode(AbstractSet.java:124) ~[na:na]
	at org.hibernate.collection.spi.PersistentSet.hashCode(PersistentSet.java:413) ~[hibernate-core-6.3.1.Final.jar:6.3.1.Final]
	at com.belleza.pos.entity.Articulo.hashCode(Articulo.java:23) ~[classes/:na]
	at com.belleza.pos.entity.ArticuloPrecio.hashCode(ArticuloPrecio.java:17) ~[classes/:na]
	at java.base/java.util.AbstractSet.hashCode(AbstractSet.java:124) ~[na:na]
	at org.hibernate.collection.spi.PersistentSet.hashCode(PersistentSet.java:413) ~[hibernate-core-6.3.1.Final.jar:6.3.1.Final]
	at com.belleza.pos.entity.Articulo.hashCode(Articulo.java:23) ~[classes/:na]
	at com.belleza.pos.entity.ArticuloPrecio.hashCode(ArticuloPrecio.java:17) ~[classes/:na]
	at java.base/java.util.AbstractSet.hashCode(AbstractSet.java:124) ~[na:na]
	at org.hibernate.collection.spi.PersistentSet.hashCode(PersistentSet.java:413) ~[hibernate-core-6.3.1.Final.jar:6.3.1.Final]
	at com.belleza.pos.entity.Articulo.hashCode(Articulo.java:23) ~[classes/:na]
	at com.belleza.pos.entity.ArticuloPrecio.hashCode(ArticuloPrecio.java:17) ~[classes/:na]
	at java.base/java.util.AbstractSet.hashCode(AbstractSet.java:124) ~[na:na]
	at org.hibernate.collection.spi.PersistentSet.hashCode(PersistentSet.java:413) ~[hibernate-core-6.3.1.Final.jar:6.3.1.Final]
	at com.belleza.pos.entity.Articulo.hashCode(Articulo.java:23) ~[classes/:na]
	at com.belleza.pos.entity.ArticuloPrecio.hashCode(ArticuloPrecio.java:17) ~[classes/:na]
	at java.base/java.util.AbstractSet.hashCode(AbstractSet.java:124) ~[na:na]
	at org.hibernate.collection.spi.PersistentSet.hashCode(PersistentSet.java:413) ~[hibernate-core-6.3.1.Final.jar:6.3.1.Final]
	at com.belleza.pos.entity.Articulo.hashCode(Articulo.java:23) ~[classes/:na]
	at com.belleza.pos.entity.ArticuloPrecio.hashCode(ArticuloPrecio.java:17) ~[classes/:na]
	at java.base/java.util.AbstractSet.hashCode(AbstractSet.java:124) ~[na:na]
	at org.hibernate.collection.spi.PersistentSet.hashCode(PersistentSet.java:413) ~[hibernate-core-6.3.1.Final.jar:6.3.1.Final]
	at com.belleza.pos.entity.Articulo.hashCode(Articulo.java:23) ~[classes/:na]
	at com.belleza.pos.entity.ArticuloPrecio.hashCode(ArticuloPrecio.java:17) ~[classes/:na]
	at java.base/java.util.AbstractSet.hashCode(AbstractSet.java:124) ~[na:na]
	at org.hibernate.collection.spi.PersistentSet.hashCode(PersistentSet.java:413) ~[hibernate-core-6.3.1.Final.jar:6.3.1.Final]
	at com.belleza.pos.entity.Articulo.hashCode(Articulo.java:23) ~[classes/:na]
	at com.belleza.pos.entity.ArticuloPrecio.hashCode(ArticuloPrecio.java:17) ~[classes/:na]
	at java.base/java.util.AbstractSet.hashCode(AbstractSet.java:124) ~[na:na]
	at org.hibernate.collection.spi.PersistentSet.hashCode(PersistentSet.java:413) ~[hibernate-core-6.3.1.Final.jar:6.3.1.Final]
	at com.belleza.pos.entity.Articulo.hashCode(Articulo.java:23) ~[classes/:na]
	at com.belleza.pos.entity.ArticuloPrecio.hashCode(ArticuloPrecio.java:17) ~[classes/:na]
	at java.base/java.util.AbstractSet.hashCode(AbstractSet.java:124) ~[na:na]
	at org.hibernate.collection.spi.PersistentSet.hashCode(PersistentSet.java:413) ~[hibernate-core-6.3.1.Final.jar:6.3.1.Final]
	at com.belleza.pos.entity.Articulo.hashCode(Articulo.java:23) ~[classes/:na]
	at com.belleza.pos.entity.ArticuloPrecio.hashCode(ArticuloPrecio.java:17) ~[classes/:na]
	at java.base/java.util.AbstractSet.hashCode(AbstractSet.java:124) ~[na:na]
	at org.hibernate.collection.spi.PersistentSet.hashCode(PersistentSet.java:413) ~[hibernate-core-6.3.1.Final.jar:6.3.1.Final]
	at com.belleza.pos.entity.Articulo.hashCode(Articulo.java:23) ~[classes/:na]
	at com.belleza.pos.entity.ArticuloPrecio.hashCode(ArticuloPrecio.java:17) ~[classes/:na]
	at java.base/java.util.AbstractSet.hashCode(AbstractSet.java:124) ~[na:na]
	at org.hibernate.collection.spi.PersistentSet.hashCode(PersistentSet.java:413) ~[hibernate-core-6.3.1.Final.jar:6.3.1.Final]
	at com.belleza.pos.entity.Articulo.hashCode(Articulo.java:23) ~[classes/:na]
	at com.belleza.pos.entity.ArticuloPrecio.hashCode(ArticuloPrecio.java:17) ~[classes/:na]
	at java.base/java.util.AbstractSet.hashCode(AbstractSet.java:124) ~[na:na]
	at org.hibernate.collection.spi.PersistentSet.hashCode(PersistentSet.java:413) ~[hibernate-core-6.3.1.Final.jar:6.3.1.Final]
	at com.belleza.pos.entity.Articulo.hashCode(Articulo.java:23) ~[classes/:na]
	at com.belleza.pos.entity.ArticuloPrecio.hashCode(ArticuloPrecio.java:17) ~[classes/:na]
	at java.base/java.util.AbstractSet.hashCode(AbstractSet.java:124) ~[na:na]
	at org.hibernate.collection.spi.PersistentSet.hashCode(PersistentSet.java:413) ~[hibernate-core-6.3.1.Final.jar:6.3.1.Final]
	at com.belleza.pos.entity.Articulo.hashCode(Articulo.java:23) ~[classes/:na]
	at com.belleza.pos.entity.ArticuloPrecio.hashCode(ArticuloPrecio.java:17) ~[classes/:na]
	at java.base/java.util.AbstractSet.hashCode(AbstractSet.java:124) ~[na:na]
	at org.hibernate.collection.spi.PersistentSet.hashCode(PersistentSet.java:413) ~[hibernate-core-6.3.1.Final.jar:6.3.1.Final]
	at com.belleza.pos.entity.Articulo.hashCode(Articulo.java:23) ~[classes/:na]
	at com.belleza.pos.entity.ArticuloPrecio.hashCode(ArticuloPrecio.java:17) ~[classes/:na]
	at java.base/java.util.AbstractSet.hashCode(AbstractSet.java:124) ~[na:na]
	at org.hibernate.collection.spi.PersistentSet.hashCode(PersistentSet.java:413) ~[hibernate-core-6.3.1.Final.jar:6.3.1.Final]
	at com.belleza.pos.entity.Articulo.hashCode(Articulo.java:23) ~[classes/:na]
	at com.belleza.pos.entity.ArticuloPrecio.hashCode(ArticuloPrecio.java:17) ~[classes/:na]
	at java.base/java.util.AbstractSet.hashCode(AbstractSet.java:124) ~[na:na]
	at org.hibernate.collection.spi.PersistentSet.hashCode(PersistentSet.java:413) ~[hibernate-core-6.3.1.Final.jar:6.3.1.Final]
	at com.belleza.pos.entity.Articulo.hashCode(Articulo.java:23) ~[classes/:na]
	at com.belleza.pos.entity.ArticuloPrecio.hashCode(ArticuloPrecio.java:17) ~[classes/:na]
	at java.base/java.util.AbstractSet.hashCode(AbstractSet.java:124) ~[na:na]
	at org.hibernate.collection.spi.PersistentSet.hashCode(PersistentSet.java:413) ~[hibernate-core-6.3.1.Final.jar:6.3.1.Final]
	at com.belleza.pos.entity.Articulo.hashCode(Articulo.java:23) ~[classes/:na]
	at com.belleza.pos.entity.ArticuloPrecio.hashCode(ArticuloPrecio.java:17) ~[classes/:na]
	at java.base/java.util.AbstractSet.hashCode(AbstractSet.java:124) ~[na:na]
	at org.hibernate.collection.spi.PersistentSet.hashCode(PersistentSet.java:413) ~[hibernate-core-6.3.1.Final.jar:6.3.1.Final]
	at com.belleza.pos.entity.Articulo.hashCode(Articulo.java:23) ~[classes/:na]
	at com.belleza.pos.entity.ArticuloPrecio.hashCode(ArticuloPrecio.java:17) ~[classes/:na]
	at java.base/java.util.AbstractSet.hashCode(AbstractSet.java:124) ~[na:na]
	at org.hibernate.collection.spi.PersistentSet.hashCode(PersistentSet.java:413) ~[hibernate-core-6.3.1.Final.jar:6.3.1.Final]
	at com.belleza.pos.entity.Articulo.hashCode(Articulo.java:23) ~[classes/:na]
	at com.belleza.pos.entity.ArticuloPrecio.hashCode(ArticuloPrecio.java:17) ~[classes/:na]
	at java.base/java.util.AbstractSet.hashCode(AbstractSet.java:124) ~[na:na]
	at org.hibernate.collection.spi.PersistentSet.hashCode(PersistentSet.java:413) ~[hibernate-core-6.3.1.Final.jar:6.3.1.Final]
	at com.belleza.pos.entity.Articulo.hashCode(Articulo.java:23) ~[classes/:na]
	at com.belleza.pos.entity.ArticuloPrecio.hashCode(ArticuloPrecio.java:17) ~[classes/:na]
	at java.base/java.util.AbstractSet.hashCode(AbstractSet.java:124) ~[na:na]
	at org.hibernate.collection.spi.PersistentSet.hashCode(PersistentSet.java:413) ~[hibernate-core-6.3.1.Final.jar:6.3.1.Final]
	at com.belleza.pos.entity.Articulo.hashCode(Articulo.java:23) ~[classes/:na]
	at com.belleza.pos.entity.ArticuloPrecio.hashCode(ArticuloPrecio.java:17) ~[classes/:na]
	at java.base/java.util.AbstractSet.hashCode(AbstractSet.java:124) ~[na:na]
	at org.hibernate.collection.spi.PersistentSet.hashCode(PersistentSet.java:413) ~[hibernate-core-6.3.1.Final.jar:6.3.1.Final]
	at com.belleza.pos.entity.Articulo.hashCode(Articulo.java:23) ~[classes/:na]
	at com.belleza.pos.entity.ArticuloPrecio.hashCode(ArticuloPrecio.java:17) ~[classes/:na]
	at java.base/java.util.AbstractSet.hashCode(AbstractSet.java:124) ~[na:na]
	at org.hibernate.collection.spi.PersistentSet.hashCode(PersistentSet.java:413) ~[hibernate-core-6.3.1.Final.jar:6.3.1.Final]
	at com.belleza.pos.entity.Articulo.hashCode(Articulo.java:23) ~[classes/:na]
	at com.belleza.pos.entity.ArticuloPrecio.hashCode(ArticuloPrecio.java:17) ~[classes/:na]
	at java.base/java.util.AbstractSet.hashCode(AbstractSet.java:124) ~[na:na]
	at org.hibernate.collection.spi.PersistentSet.hashCode(PersistentSet.java:413) ~[hibernate-core-6.3.1.Final.jar:6.3.1.Final]
	at com.belleza.pos.entity.Articulo.hashCode(Articulo.java:23) ~[classes/:na]
	at com.belleza.pos.entity.ArticuloPrecio.hashCode(ArticuloPrecio.java:17) ~[classes/:na]
	at java.base/java.util.AbstractSet.hashCode(AbstractSet.java:124) ~[na:na]
	at org.hibernate.collection.spi.PersistentSet.hashCode(PersistentSet.java:413) ~[hibernate-core-6.3.1.Final.jar:6.3.1.Final]
	at com.belleza.pos.entity.Articulo.hashCode(Articulo.java:23) ~[classes/:na]
	at com.belleza.pos.entity.ArticuloPrecio.hashCode(ArticuloPrecio.java:17) ~[classes/:na]
	at java.base/java.util.AbstractSet.hashCode(AbstractSet.java:124) ~[na:na]
	at org.hibernate.collection.spi.PersistentSet.hashCode(PersistentSet.java:413) ~[hibernate-core-6.3.1.Final.jar:6.3.1.Final]
	at com.belleza.pos.entity.Articulo.hashCode(Articulo.java:23) ~[classes/:na]
	at com.belleza.pos.entity.ArticuloPrecio.hashCode(ArticuloPrecio.java:17) ~[classes/:na]
	at java.base/java.util.AbstractSet.hashCode(AbstractSet.java:124) ~[na:na]
	at org.hibernate.collection.spi.PersistentSet.hashCode(PersistentSet.java:413) ~[hibernate-core-6.3.1.Final.jar:6.3.1.Final]
	at com.belleza.pos.entity.Articulo.hashCode(Articulo.java:23) ~[classes/:na]
	at com.belleza.pos.entity.ArticuloPrecio.hashCode(ArticuloPrecio.java:17) ~[classes/:na]
	at java.base/java.util.AbstractSet.hashCode(AbstractSet.java:124) ~[na:na]
	at org.hibernate.collection.spi.PersistentSet.hashCode(PersistentSet.java:413) ~[hibernate-core-6.3.1.Final.jar:6.3.1.Final]
	at com.belleza.pos.entity.Articulo.hashCode(Articulo.java:23) ~[classes/:na]
	at com.belleza.pos.entity.ArticuloPrecio.hashCode(ArticuloPrecio.java:17) ~[classes/:na]
	at java.base/java.util.AbstractSet.hashCode(AbstractSet.java:124) ~[na:na]
	at org.hibernate.collection.spi.PersistentSet.hashCode(PersistentSet.java:413) ~[hibernate-core-6.3.1.Final.jar:6.3.1.Final]
	at com.belleza.pos.entity.Articulo.hashCode(Articulo.java:23) ~[classes/:na]
	at com.belleza.pos.entity.ArticuloPrecio.hashCode(ArticuloPrecio.java:17) ~[classes/:na]
	at java.base/java.util.AbstractSet.hashCode(AbstractSet.java:124) ~[na:na]
	at org.hibernate.collection.spi.PersistentSet.hashCode(PersistentSet.java:413) ~[hibernate-core-6.3.1.Final.jar:6.3.1.Final]
	at com.belleza.pos.entity.Articulo.hashCode(Articulo.java:23) ~[classes/:na]
	at com.belleza.pos.entity.ArticuloPrecio.hashCode(ArticuloPrecio.java:17) ~[classes/:na]
	at java.base/java.util.AbstractSet.hashCode(AbstractSet.java:124) ~[na:na]
	at org.hibernate.collection.spi.PersistentSet.hashCode(PersistentSet.java:413) ~[hibernate-core-6.3.1.Final.jar:6.3.1.Final]
	at com.belleza.pos.entity.Articulo.hashCode(Articulo.java:23) ~[classes/:na]
	at com.belleza.pos.entity.ArticuloPrecio.hashCode(ArticuloPrecio.java:17) ~[classes/:na]
	at java.base/java.util.AbstractSet.hashCode(AbstractSet.java:124) ~[na:na]
	at org.hibernate.collection.spi.PersistentSet.hashCode(PersistentSet.java:413) ~[hibernate-core-6.3.1.Final.jar:6.3.1.Final]
	at com.belleza.pos.entity.Articulo.hashCode(Articulo.java:23) ~[classes/:na]
	at com.belleza.pos.entity.ArticuloPrecio.hashCode(ArticuloPrecio.java:17) ~[classes/:na]
	at java.base/java.util.AbstractSet.hashCode(AbstractSet.java:124) ~[na:na]
	at org.hibernate.collection.spi.PersistentSet.hashCode(PersistentSet.java:413) ~[hibernate-core-6.3.1.Final.jar:6.3.1.Final]
	at com.belleza.pos.entity.Articulo.hashCode(Articulo.java:23) ~[classes/:na]
	at com.belleza.pos.entity.ArticuloPrecio.hashCode(ArticuloPrecio.java:17) ~[classes/:na]
	at java.base/java.util.AbstractSet.hashCode(AbstractSet.java:124) ~[na:na]
	at org.hibernate.collection.spi.PersistentSet.hashCode(PersistentSet.java:413) ~[hibernate-core-6.3.1.Final.jar:6.3.1.Final]
	at com.belleza.pos.entity.Articulo.hashCode(Articulo.java:23) ~[classes/:na]
	at com.belleza.pos.entity.ArticuloPrecio.hashCode(ArticuloPrecio.java:17) ~[classes/:na]
	at java.base/java.util.AbstractSet.hashCode(AbstractSet.java:124) ~[na:na]
	at org.hibernate.collection.spi.PersistentSet.hashCode(PersistentSet.java:413) ~[hibernate-core-6.3.1.Final.jar:6.3.1.Final]
	at com.belleza.pos.entity.Articulo.hashCode(Articulo.java:23) ~[classes/:na]
	at com.belleza.pos.entity.ArticuloPrecio.hashCode(ArticuloPrecio.java:17) ~[classes/:na]
	at java.base/java.util.AbstractSet.hashCode(AbstractSet.java:124) ~[na:na]
	at org.hibernate.collection.spi.PersistentSet.hashCode(PersistentSet.java:413) ~[hibernate-core-6.3.1.Final.jar:6.3.1.Final]
	at com.belleza.pos.entity.Articulo.hashCode(Articulo.java:23) ~[classes/:na]
	at com.belleza.pos.entity.ArticuloPrecio.hashCode(ArticuloPrecio.java:17) ~[classes/:na]
	at java.base/java.util.AbstractSet.hashCode(AbstractSet.java:124) ~[na:na]
	at org.hibernate.collection.spi.PersistentSet.hashCode(PersistentSet.java:413) ~[hibernate-core-6.3.1.Final.jar:6.3.1.Final]
	at com.belleza.pos.entity.Articulo.hashCode(Articulo.java:23) ~[classes/:na]
	at com.belleza.pos.entity.ArticuloPrecio.hashCode(ArticuloPrecio.java:17) ~[classes/:na]
	at java.base/java.util.AbstractSet.hashCode(AbstractSet.java:124) ~[na:na]
	at org.hibernate.collection.spi.PersistentSet.hashCode(PersistentSet.java:413) ~[hibernate-core-6.3.1.Final.jar:6.3.1.Final]
	at com.belleza.pos.entity.Articulo.hashCode(Articulo.java:23) ~[classes/:na]
	at com.belleza.pos.entity.ArticuloPrecio.hashCode(ArticuloPrecio.java:17) ~[classes/:na]
	at java.base/java.util.AbstractSet.hashCode(AbstractSet.java:124) ~[na:na]
	at org.hibernate.collection.spi.PersistentSet.hashCode(PersistentSet.java:413) ~[hibernate-core-6.3.1.Final.jar:6.3.1.Final]
	at com.belleza.pos.entity.Articulo.hashCode(Articulo.java:23) ~[classes/:na]
	at com.belleza.pos.entity.ArticuloPrecio.hashCode(ArticuloPrecio.java:17) ~[classes/:na]
	at java.base/java.util.AbstractSet.hashCode(AbstractSet.java:124) ~[na:na]
	at org.hibernate.collection.spi.PersistentSet.hashCode(PersistentSet.java:413) ~[hibernate-core-6.3.1.Final.jar:6.3.1.Final]
	at com.belleza.pos.entity.Articulo.hashCode(Articulo.java:23) ~[classes/:na]
	at com.belleza.pos.entity.ArticuloPrecio.hashCode(ArticuloPrecio.java:17) ~[classes/:na]
	at java.base/java.util.AbstractSet.hashCode(AbstractSet.java:124) ~[na:na]
	at org.hibernate.collection.spi.PersistentSet.hashCode(PersistentSet.java:413) ~[hibernate-core-6.3.1.Final.jar:6.3.1.Final]
	at com.belleza.pos.entity.Articulo.hashCode(Articulo.java:23) ~[classes/:na]
	at com.belleza.pos.entity.ArticuloPrecio.hashCode(ArticuloPrecio.java:17) ~[classes/:na]
	at java.base/java.util.AbstractSet.hashCode(AbstractSet.java:124) ~[na:na]
	at org.hibernate.collection.spi.PersistentSet.hashCode(PersistentSet.java:413) ~[hibernate-core-6.3.1.Final.jar:6.3.1.Final]
	at com.belleza.pos.entity.Articulo.hashCode(Articulo.java:23) ~[classes/:na]
	at com.belleza.pos.entity.ArticuloPrecio.hashCode(ArticuloPrecio.java:17) ~[classes/:na]
	at java.base/java.util.AbstractSet.hashCode(AbstractSet.java:124) ~[na:na]
	at org.hibernate.collection.spi.PersistentSet.hashCode(PersistentSet.java:413) ~[hibernate-core-6.3.1.Final.jar:6.3.1.Final]
	at com.belleza.pos.entity.Articulo.hashCode(Articulo.java:23) ~[classes/:na]
	at com.belleza.pos.entity.ArticuloPrecio.hashCode(ArticuloPrecio.java:17) ~[classes/:na]
	at java.base/java.util.AbstractSet.hashCode(AbstractSet.java:124) ~[na:na]
	at org.hibernate.collection.spi.PersistentSet.hashCode(PersistentSet.java:413) ~[hibernate-core-6.3.1.Final.jar:6.3.1.Final]
	at com.belleza.pos.entity.Articulo.hashCode(Articulo.java:23) ~[classes/:na]
	at com.belleza.pos.entity.ArticuloPrecio.hashCode(ArticuloPrecio.java:17) ~[classes/:na]
	at java.base/java.util.AbstractSet.hashCode(AbstractSet.java:124) ~[na:na]
	at org.hibernate.collection.spi.PersistentSet.hashCode(PersistentSet.java:413) ~[hibernate-core-6.3.1.Final.jar:6.3.1.Final]
	at com.belleza.pos.entity.Articulo.hashCode(Articulo.java:23) ~[classes/:na]
	at com.belleza.pos.entity.ArticuloPrecio.hashCode(ArticuloPrecio.java:17) ~[classes/:na]
	at java.base/java.util.AbstractSet.hashCode(AbstractSet.java:124) ~[na:na]
	at org.hibernate.collection.spi.PersistentSet.hashCode(PersistentSet.java:413) ~[hibernate-core-6.3.1.Final.jar:6.3.1.Final]
	at com.belleza.pos.entity.Articulo.hashCode(Articulo.java:23) ~[classes/:na]
	at com.belleza.pos.entity.ArticuloPrecio.hashCode(ArticuloPrecio.java:17) ~[classes/:na]
	at java.base/java.util.AbstractSet.hashCode(AbstractSet.java:124) ~[na:na]
	at org.hibernate.collection.spi.PersistentSet.hashCode(PersistentSet.java:413) ~[hibernate-core-6.3.1.Final.jar:6.3.1.Final]
	at com.belleza.pos.entity.Articulo.hashCode(Articulo.java:23) ~[classes/:na]
	at com.belleza.pos.entity.ArticuloPrecio.hashCode(ArticuloPrecio.java:17) ~[classes/:na]
	at java.base/java.util.AbstractSet.hashCode(AbstractSet.java:124) ~[na:na]
	at org.hibernate.collection.spi.PersistentSet.hashCode(PersistentSet.java:413) ~[hibernate-core-6.3.1.Final.jar:6.3.1.Final]
	at com.belleza.pos.entity.Articulo.hashCode(Articulo.java:23) ~[classes/:na]
	at com.belleza.pos.entity.ArticuloPrecio.hashCode(ArticuloPrecio.java:17) ~[classes/:na]
	at java.base/java.util.AbstractSet.hashCode(AbstractSet.java:124) ~[na:na]
	at org.hibernate.collection.spi.PersistentSet.hashCode(PersistentSet.java:413) ~[hibernate-core-6.3.1.Final.jar:6.3.1.Final]
	at com.belleza.pos.entity.Articulo.hashCode(Articulo.java:23) ~[classes/:na]
	at com.belleza.pos.entity.ArticuloPrecio.hashCode(ArticuloPrecio.java:17) ~[classes/:na]
	at java.base/java.util.AbstractSet.hashCode(AbstractSet.java:124) ~[na:na]
	at org.hibernate.collection.spi.PersistentSet.hashCode(PersistentSet.java:413) ~[hibernate-core-6.3.1.Final.jar:6.3.1.Final]
	at com.belleza.pos.entity.Articulo.hashCode(Articulo.java:23) ~[classes/:na]
	at com.belleza.pos.entity.ArticuloPrecio.hashCode(ArticuloPrecio.java:17) ~[classes/:na]
	at java.base/java.util.AbstractSet.hashCode(AbstractSet.java:124) ~[na:na]
	at org.hibernate.collection.spi.PersistentSet.hashCode(PersistentSet.java:413) ~[hibernate-core-6.3.1.Final.jar:6.3.1.Final]
	at com.belleza.pos.entity.Articulo.hashCode(Articulo.java:23) ~[classes/:na]
	at com.belleza.pos.entity.ArticuloPrecio.hashCode(ArticuloPrecio.java:17) ~[classes/:na]
	at java.base/java.util.AbstractSet.hashCode(AbstractSet.java:124) ~[na:na]
	at org.hibernate.collection.spi.PersistentSet.hashCode(PersistentSet.java:413) ~[hibernate-core-6.3.1.Final.jar:6.3.1.Final]
	at com.belleza.pos.entity.Articulo.hashCode(Articulo.java:23) ~[classes/:na]
	at com.belleza.pos.entity.ArticuloPrecio.hashCode(ArticuloPrecio.java:17) ~[classes/:na]
	at java.base/java.util.AbstractSet.hashCode(AbstractSet.java:124) ~[na:na]
	at org.hibernate.collection.spi.PersistentSet.hashCode(PersistentSet.java:413) ~[hibernate-core-6.3.1.Final.jar:6.3.1.Final]
	at com.belleza.pos.entity.Articulo.hashCode(Articulo.java:23) ~[classes/:na]
	at com.belleza.pos.entity.ArticuloPrecio.hashCode(ArticuloPrecio.java:17) ~[classes/:na]
	at java.base/java.util.AbstractSet.hashCode(AbstractSet.java:124) ~[na:na]
	at org.hibernate.collection.spi.PersistentSet.hashCode(PersistentSet.java:413) ~[hibernate-core-6.3.1.Final.jar:6.3.1.Final]
	at com.belleza.pos.entity.Articulo.hashCode(Articulo.java:23) ~[classes/:na]
	at com.belleza.pos.entity.ArticuloPrecio.hashCode(ArticuloPrecio.java:17) ~[classes/:na]
	at java.base/java.util.AbstractSet.hashCode(AbstractSet.java:124) ~[na:na]
	at org.hibernate.collection.spi.PersistentSet.hashCode(PersistentSet.java:413) ~[hibernate-core-6.3.1.Final.jar:6.3.1.Final]
	at com.belleza.pos.entity.Articulo.hashCode(Articulo.java:23) ~[classes/:na]
	at com.belleza.pos.entity.ArticuloPrecio.hashCode(ArticuloPrecio.java:17) ~[classes/:na]
	at java.base/java.util.AbstractSet.hashCode(AbstractSet.java:124) ~[na:na]
	at org.hibernate.collection.spi.PersistentSet.hashCode(PersistentSet.java:413) ~[hibernate-core-6.3.1.Final.jar:6.3.1.Final]
	at com.belleza.pos.entity.Articulo.hashCode(Articulo.java:23) ~[classes/:na]
	at com.belleza.pos.entity.ArticuloPrecio.hashCode(ArticuloPrecio.java:17) ~[classes/:na]
	at java.base/java.util.AbstractSet.hashCode(AbstractSet.java:124) ~[na:na]
	at org.hibernate.collection.spi.PersistentSet.hashCode(PersistentSet.java:413) ~[hibernate-core-6.3.1.Final.jar:6.3.1.Final]
	at com.belleza.pos.entity.Articulo.hashCode(Articulo.java:23) ~[classes/:na]
	at com.belleza.pos.entity.ArticuloPrecio.hashCode(ArticuloPrecio.java:17) ~[classes/:na]
	at java.base/java.util.AbstractSet.hashCode(AbstractSet.java:124) ~[na:na]
	at org.hibernate.collection.spi.PersistentSet.hashCode(PersistentSet.java:413) ~[hibernate-core-6.3.1.Final.jar:6.3.1.Final]
	at com.belleza.pos.entity.Articulo.hashCode(Articulo.java:23) ~[classes/:na]
	at com.belleza.pos.entity.ArticuloPrecio.hashCode(ArticuloPrecio.java:17) ~[classes/:na]
	at java.base/java.util.AbstractSet.hashCode(AbstractSet.java:124) ~[na:na]
	at org.hibernate.collection.spi.PersistentSet.hashCode(PersistentSet.java:413) ~[hibernate-core-6.3.1.Final.jar:6.3.1.Final]
	at com.belleza.pos.entity.Articulo.hashCode(Articulo.java:23) ~[classes/:na]
	at com.belleza.pos.entity.ArticuloPrecio.hashCode(ArticuloPrecio.java:17) ~[classes/:na]
	at java.base/java.util.AbstractSet.hashCode(AbstractSet.java:124) ~[na:na]
	at org.hibernate.collection.spi.PersistentSet.hashCode(PersistentSet.java:413) ~[hibernate-core-6.3.1.Final.jar:6.3.1.Final]
	at com.belleza.pos.entity.Articulo.hashCode(Articulo.java:23) ~[classes/:na]
	at com.belleza.pos.entity.ArticuloPrecio.hashCode(ArticuloPrecio.java:17) ~[classes/:na]
	at java.base/java.util.AbstractSet.hashCode(AbstractSet.java:124) ~[na:na]
	at org.hibernate.collection.spi.PersistentSet.hashCode(PersistentSet.java:413) ~[hibernate-core-6.3.1.Final.jar:6.3.1.Final]
	at com.belleza.pos.entity.Articulo.hashCode(Articulo.java:23) ~[classes/:na]
	at com.belleza.pos.entity.ArticuloPrecio.hashCode(ArticuloPrecio.java:17) ~[classes/:na]
	at java.base/java.util.AbstractSet.hashCode(AbstractSet.java:124) ~[na:na]
	at org.hibernate.collection.spi.PersistentSet.hashCode(PersistentSet.java:413) ~[hibernate-core-6.3.1.Final.jar:6.3.1.Final]
	at com.belleza.pos.entity.Articulo.hashCode(Articulo.java:23) ~[classes/:na]
	at com.belleza.pos.entity.ArticuloPrecio.hashCode(ArticuloPrecio.java:17) ~[classes/:na]
	at java.base/java.util.AbstractSet.hashCode(AbstractSet.java:124) ~[na:na]
	at org.hibernate.collection.spi.PersistentSet.hashCode(PersistentSet.java:413) ~[hibernate-core-6.3.1.Final.jar:6.3.1.Final]
	at com.belleza.pos.entity.Articulo.hashCode(Articulo.java:23) ~[classes/:na]
	at com.belleza.pos.entity.ArticuloPrecio.hashCode(ArticuloPrecio.java:17) ~[classes/:na]
	at java.base/java.util.AbstractSet.hashCode(AbstractSet.java:124) ~[na:na]
	at org.hibernate.collection.spi.PersistentSet.hashCode(PersistentSet.java:413) ~[hibernate-core-6.3.1.Final.jar:6.3.1.Final]
	at com.belleza.pos.entity.Articulo.hashCode(Articulo.java:23) ~[classes/:na]
	at com.belleza.pos.entity.ArticuloPrecio.hashCode(ArticuloPrecio.java:17) ~[classes/:na]
	at java.base/java.util.AbstractSet.hashCode(AbstractSet.java:124) ~[na:na]
	at org.hibernate.collection.spi.PersistentSet.hashCode(PersistentSet.java:413) ~[hibernate-core-6.3.1.Final.jar:6.3.1.Final]
	at com.belleza.pos.entity.Articulo.hashCode(Articulo.java:23) ~[classes/:na]
	at com.belleza.pos.entity.ArticuloPrecio.hashCode(ArticuloPrecio.java:17) ~[classes/:na]
	at java.base/java.util.AbstractSet.hashCode(AbstractSet.java:124) ~[na:na]
	at org.hibernate.collection.spi.PersistentSet.hashCode(PersistentSet.java:413) ~[hibernate-core-6.3.1.Final.jar:6.3.1.Final]
	at com.belleza.pos.entity.Articulo.hashCode(Articulo.java:23) ~[classes/:na]
	at com.belleza.pos.entity.ArticuloPrecio.hashCode(ArticuloPrecio.java:17) ~[classes/:na]
	at java.base/java.util.AbstractSet.hashCode(AbstractSet.java:124) ~[na:na]
	at org.hibernate.collection.spi.PersistentSet.hashCode(PersistentSet.java:413) ~[hibernate-core-6.3.1.Final.jar:6.3.1.Final]
	at com.belleza.pos.entity.Articulo.hashCode(Articulo.java:23) ~[classes/:na]
	at com.belleza.pos.entity.ArticuloPrecio.hashCode(ArticuloPrecio.java:17) ~[classes/:na]
	at java.base/java.util.AbstractSet.hashCode(AbstractSet.java:124) ~[na:na]
	at org.hibernate.collection.spi.PersistentSet.hashCode(PersistentSet.java:413) ~[hibernate-core-6.3.1.Final.jar:6.3.1.Final]
	at com.belleza.pos.entity.Articulo.hashCode(Articulo.java:23) ~[classes/:na]
	at com.belleza.pos.entity.ArticuloPrecio.hashCode(ArticuloPrecio.java:17) ~[classes/:na]
	at java.base/java.util.AbstractSet.hashCode(AbstractSet.java:124) ~[na:na]
	at org.hibernate.collection.spi.PersistentSet.hashCode(PersistentSet.java:413) ~[hibernate-core-6.3.1.Final.jar:6.3.1.Final]
	at com.belleza.pos.entity.Articulo.hashCode(Articulo.java:23) ~[classes/:na]
	at com.belleza.pos.entity.ArticuloPrecio.hashCode(ArticuloPrecio.java:17) ~[classes/:na]
	at java.base/java.util.AbstractSet.hashCode(AbstractSet.java:124) ~[na:na]
	at org.hibernate.collection.spi.PersistentSet.hashCode(PersistentSet.java:413) ~[hibernate-core-6.3.1.Final.jar:6.3.1.Final]
	at com.belleza.pos.entity.Articulo.hashCode(Articulo.java:23) ~[classes/:na]
	at com.belleza.pos.entity.ArticuloPrecio.hashCode(ArticuloPrecio.java:17) ~[classes/:na]
	at java.base/java.util.AbstractSet.hashCode(AbstractSet.java:124) ~[na:na]
	at org.hibernate.collection.spi.PersistentSet.hashCode(PersistentSet.java:413) ~[hibernate-core-6.3.1.Final.jar:6.3.1.Final]
	at com.belleza.pos.entity.Articulo.hashCode(Articulo.java:23) ~[classes/:na]
	at com.belleza.pos.entity.ArticuloPrecio.hashCode(ArticuloPrecio.java:17) ~[classes/:na]
	at java.base/java.util.AbstractSet.hashCode(AbstractSet.java:124) ~[na:na]
	at org.hibernate.collection.spi.PersistentSet.hashCode(PersistentSet.java:413) ~[hibernate-core-6.3.1.Final.jar:6.3.1.Final]
	at com.belleza.pos.entity.Articulo.hashCode(Articulo.java:23) ~[classes/:na]
	at com.belleza.pos.entity.ArticuloPrecio.hashCode(ArticuloPrecio.java:17) ~[classes/:na]
	at java.base/java.util.AbstractSet.hashCode(AbstractSet.java:124) ~[na:na]
	at org.hibernate.collection.spi.PersistentSet.hashCode(PersistentSet.java:413) ~[hibernate-core-6.3.1.Final.jar:6.3.1.Final]
	at com.belleza.pos.entity.Articulo.hashCode(Articulo.java:23) ~[classes/:na]
	at com.belleza.pos.entity.ArticuloPrecio.hashCode(ArticuloPrecio.java:17) ~[classes/:na]
	at java.base/java.util.AbstractSet.hashCode(AbstractSet.java:124) ~[na:na]
	at org.hibernate.collection.spi.PersistentSet.hashCode(PersistentSet.java:413) ~[hibernate-core-6.3.1.Final.jar:6.3.1.Final]
	at com.belleza.pos.entity.Articulo.hashCode(Articulo.java:23) ~[classes/:na]
	at com.belleza.pos.entity.ArticuloPrecio.hashCode(ArticuloPrecio.java:17) ~[classes/:na]
	at java.base/java.util.AbstractSet.hashCode(AbstractSet.java:124) ~[na:na]
	at org.hibernate.collection.spi.PersistentSet.hashCode(PersistentSet.java:413) ~[hibernate-core-6.3.1.Final.jar:6.3.1.Final]
	at com.belleza.pos.entity.Articulo.hashCode(Articulo.java:23) ~[classes/:na]
	at com.belleza.pos.entity.ArticuloPrecio.hashCode(ArticuloPrecio.java:17) ~[classes/:na]
	at java.base/java.util.AbstractSet.hashCode(AbstractSet.java:124) ~[na:na]
	at org.hibernate.collection.spi.PersistentSet.hashCode(PersistentSet.java:413) ~[hibernate-core-6.3.1.Final.jar:6.3.1.Final]
	at com.belleza.pos.entity.Articulo.hashCode(Articulo.java:23) ~[classes/:na]
	at com.belleza.pos.entity.ArticuloPrecio.hashCode(ArticuloPrecio.java:17) ~[classes/:na]
	at java.base/java.util.AbstractSet.hashCode(AbstractSet.java:124) ~[na:na]
	at org.hibernate.collection.spi.PersistentSet.hashCode(PersistentSet.java:413) ~[hibernate-core-6.3.1.Final.jar:6.3.1.Final]
	at com.belleza.pos.entity.Articulo.hashCode(Articulo.java:23) ~[classes/:na]
	at com.belleza.pos.entity.ArticuloPrecio.hashCode(ArticuloPrecio.java:17) ~[classes/:na]
	at java.base/java.util.AbstractSet.hashCode(AbstractSet.java:124) ~[na:na]
	at org.hibernate.collection.spi.PersistentSet.hashCode(PersistentSet.java:413) ~[hibernate-core-6.3.1.Final.jar:6.3.1.Final]
	at com.belleza.pos.entity.Articulo.hashCode(Articulo.java:23) ~[classes/:na]
	at com.belleza.pos.entity.ArticuloPrecio.hashCode(ArticuloPrecio.java:17) ~[classes/:na]
	at java.base/java.util.AbstractSet.hashCode(AbstractSet.java:124) ~[na:na]
	at org.hibernate.collection.spi.PersistentSet.hashCode(PersistentSet.java:413) ~[hibernate-core-6.3.1.Final.jar:6.3.1.Final]
	at com.belleza.pos.entity.Articulo.hashCode(Articulo.java:23) ~[classes/:na]
	at com.belleza.pos.entity.ArticuloPrecio.hashCode(ArticuloPrecio.java:17) ~[classes/:na]
	at java.base/java.util.AbstractSet.hashCode(AbstractSet.java:124) ~[na:na]
	at org.hibernate.collection.spi.PersistentSet.hashCode(PersistentSet.java:413) ~[hibernate-core-6.3.1.Final.jar:6.3.1.Final]
	at com.belleza.pos.entity.Articulo.hashCode(Articulo.java:23) ~[classes/:na]
	at com.belleza.pos.entity.ArticuloPrecio.hashCode(ArticuloPrecio.java:17) ~[classes/:na]
	at java.base/java.util.AbstractSet.hashCode(AbstractSet.java:124) ~[na:na]
	at org.hibernate.collection.spi.PersistentSet.hashCode(PersistentSet.java:413) ~[hibernate-core-6.3.1.Final.jar:6.3.1.Final]
	at com.belleza.pos.entity.Articulo.hashCode(Articulo.java:23) ~[classes/:na]
	at com.belleza.pos.entity.ArticuloPrecio.hashCode(ArticuloPrecio.java:17) ~[classes/:na]
	at java.base/java.util.AbstractSet.hashCode(AbstractSet.java:124) ~[na:na]
	at org.hibernate.collection.spi.PersistentSet.hashCode(PersistentSet.java:413) ~[hibernate-core-6.3.1.Final.jar:6.3.1.Final]
	at com.belleza.pos.entity.Articulo.hashCode(Articulo.java:23) ~[classes/:na]
	at com.belleza.pos.entity.ArticuloPrecio.hashCode(ArticuloPrecio.java:17) ~[classes/:na]
	at java.base/java.util.AbstractSet.hashCode(AbstractSet.java:124) ~[na:na]
	at org.hibernate.collection.spi.PersistentSet.hashCode(PersistentSet.java:413) ~[hibernate-core-6.3.1.Final.jar:6.3.1.Final]
	at com.belleza.pos.entity.Articulo.hashCode(Articulo.java:23) ~[classes/:na]
	at com.belleza.pos.entity.ArticuloPrecio.hashCode(ArticuloPrecio.java:17) ~[classes/:na]
	at java.base/java.util.AbstractSet.hashCode(AbstractSet.java:124) ~[na:na]
	at org.hibernate.collection.spi.PersistentSet.hashCode(PersistentSet.java:413) ~[hibernate-core-6.3.1.Final.jar:6.3.1.Final]
	at com.belleza.pos.entity.Articulo.hashCode(Articulo.java:23) ~[classes/:na]
	at com.belleza.pos.entity.ArticuloPrecio.hashCode(ArticuloPrecio.java:17) ~[classes/:na]
	at java.base/java.util.AbstractSet.hashCode(AbstractSet.java:124) ~[na:na]
	at org.hibernate.collection.spi.PersistentSet.hashCode(PersistentSet.java:413) ~[hibernate-core-6.3.1.Final.jar:6.3.1.Final]
	at com.belleza.pos.entity.Articulo.hashCode(Articulo.java:23) ~[classes/:na]
	at com.belleza.pos.entity.ArticuloPrecio.hashCode(ArticuloPrecio.java:17) ~[classes/:na]
	at java.base/java.util.AbstractSet.hashCode(AbstractSet.java:124) ~[na:na]
	at org.hibernate.collection.spi.PersistentSet.hashCode(PersistentSet.java:413) ~[hibernate-core-6.3.1.Final.jar:6.3.1.Final]
	at com.belleza.pos.entity.Articulo.hashCode(Articulo.java:23) ~[classes/:na]
	at com.belleza.pos.entity.ArticuloPrecio.hashCode(ArticuloPrecio.java:17) ~[classes/:na]
	at java.base/java.util.AbstractSet.hashCode(AbstractSet.java:124) ~[na:na]
	at org.hibernate.collection.spi.PersistentSet.hashCode(PersistentSet.java:413) ~[hibernate-core-6.3.1.Final.jar:6.3.1.Final]
	at com.belleza.pos.entity.Articulo.hashCode(Articulo.java:23) ~[classes/:na]
	at com.belleza.pos.entity.ArticuloPrecio.hashCode(ArticuloPrecio.java:17) ~[classes/:na]
	at java.base/java.util.AbstractSet.hashCode(AbstractSet.java:124) ~[na:na]
	at org.hibernate.collection.spi.PersistentSet.hashCode(PersistentSet.java:413) ~[hibernate-core-6.3.1.Final.jar:6.3.1.Final]
	at com.belleza.pos.entity.Articulo.hashCode(Articulo.java:23) ~[classes/:na]
	at com.belleza.pos.entity.ArticuloPrecio.hashCode(ArticuloPrecio.java:17) ~[classes/:na]
	at java.base/java.util.AbstractSet.hashCode(AbstractSet.java:124) ~[na:na]
	at org.hibernate.collection.spi.PersistentSet.hashCode(PersistentSet.java:413) ~[hibernate-core-6.3.1.Final.jar:6.3.1.Final]
	at com.belleza.pos.entity.Articulo.hashCode(Articulo.java:23) ~[classes/:na]
	at com.belleza.pos.entity.ArticuloPrecio.hashCode(ArticuloPrecio.java:17) ~[classes/:na]
	at java.base/java.util.AbstractSet.hashCode(AbstractSet.java:124) ~[na:na]
	at org.hibernate.collection.spi.PersistentSet.hashCode(PersistentSet.java:413) ~[hibernate-core-6.3.1.Final.jar:6.3.1.Final]
	at com.belleza.pos.entity.Articulo.hashCode(Articulo.java:23) ~[classes/:na]
	at com.belleza.pos.entity.ArticuloPrecio.hashCode(ArticuloPrecio.java:17) ~[classes/:na]
	at java.base/java.util.AbstractSet.hashCode(AbstractSet.java:124) ~[na:na]
	at org.hibernate.collection.spi.PersistentSet.hashCode(PersistentSet.java:413) ~[hibernate-core-6.3.1.Final.jar:6.3.1.Final]
	at com.belleza.pos.entity.Articulo.hashCode(Articulo.java:23) ~[classes/:na]
	at com.belleza.pos.entity.ArticuloPrecio.hashCode(ArticuloPrecio.java:17) ~[classes/:na]
	at java.base/java.util.AbstractSet.hashCode(AbstractSet.java:124) ~[na:na]
	at org.hibernate.collection.spi.PersistentSet.hashCode(PersistentSet.java:413) ~[hibernate-core-6.3.1.Final.jar:6.3.1.Final]
	at com.belleza.pos.entity.Articulo.hashCode(Articulo.java:23) ~[classes/:na]
	at com.belleza.pos.entity.ArticuloPrecio.hashCode(ArticuloPrecio.java:17) ~[classes/:na]
	at java.base/java.util.AbstractSet.hashCode(AbstractSet.java:124) ~[na:na]
	at org.hibernate.collection.spi.PersistentSet.hashCode(PersistentSet.java:413) ~[hibernate-core-6.3.1.Final.jar:6.3.1.Final]
	at com.belleza.pos.entity.Articulo.hashCode(Articulo.java:23) ~[classes/:na]
	at com.belleza.pos.entity.ArticuloPrecio.hashCode(ArticuloPrecio.java:17) ~[classes/:na]
	at java.base/java.util.AbstractSet.hashCode(AbstractSet.java:124) ~[na:na]
	at org.hibernate.collection.spi.PersistentSet.hashCode(PersistentSet.java:413) ~[hibernate-core-6.3.1.Final.jar:6.3.1.Final]
	at com.belleza.pos.entity.Articulo.hashCode(Articulo.java:23) ~[classes/:na]
	at com.belleza.pos.entity.ArticuloPrecio.hashCode(ArticuloPrecio.java:17) ~[classes/:na]
	at java.base/java.util.AbstractSet.hashCode(AbstractSet.java:124) ~[na:na]
	at org.hibernate.collection.spi.PersistentSet.hashCode(PersistentSet.java:413) ~[hibernate-core-6.3.1.Final.jar:6.3.1.Final]
	at com.belleza.pos.entity.Articulo.hashCode(Articulo.java:23) ~[classes/:na]
	at com.belleza.pos.entity.ArticuloPrecio.hashCode(ArticuloPrecio.java:17) ~[classes/:na]
	at java.base/java.util.AbstractSet.hashCode(AbstractSet.java:124) ~[na:na]
	at org.hibernate.collection.spi.PersistentSet.hashCode(PersistentSet.java:413) ~[hibernate-core-6.3.1.Final.jar:6.3.1.Final]
	at com.belleza.pos.entity.Articulo.hashCode(Articulo.java:23) ~[classes/:na]
	at com.belleza.pos.entity.ArticuloPrecio.hashCode(ArticuloPrecio.java:17) ~[classes/:na]
	at java.base/java.util.AbstractSet.hashCode(AbstractSet.java:124) ~[na:na]
	at org.hibernate.collection.spi.PersistentSet.hashCode(PersistentSet.java:413) ~[hibernate-core-6.3.1.Final.jar:6.3.1.Final]
	at com.belleza.pos.entity.Articulo.hashCode(Articulo.java:23) ~[classes/:na]
	at com.belleza.pos.entity.ArticuloPrecio.hashCode(ArticuloPrecio.java:17) ~[classes/:na]
	at java.base/java.util.AbstractSet.hashCode(AbstractSet.java:124) ~[na:na]
	at org.hibernate.collection.spi.PersistentSet.hashCode(PersistentSet.java:413) ~[hibernate-core-6.3.1.Final.jar:6.3.1.Final]
	at com.belleza.pos.entity.Articulo.hashCode(Articulo.java:23) ~[classes/:na]
	at com.belleza.pos.entity.ArticuloPrecio.hashCode(ArticuloPrecio.java:17) ~[classes/:na]
	at java.base/java.util.AbstractSet.hashCode(AbstractSet.java:124) ~[na:na]
	at org.hibernate.collection.spi.PersistentSet.hashCode(PersistentSet.java:413) ~[hibernate-core-6.3.1.Final.jar:6.3.1.Final]
	at com.belleza.pos.entity.Articulo.hashCode(Articulo.java:23) ~[classes/:na]
	at com.belleza.pos.entity.ArticuloPrecio.hashCode(ArticuloPrecio.java:17) ~[classes/:na]
	at java.base/java.util.AbstractSet.hashCode(AbstractSet.java:124) ~[na:na]
	at org.hibernate.collection.spi.PersistentSet.hashCode(PersistentSet.java:413) ~[hibernate-core-6.3.1.Final.jar:6.3.1.Final]
	at com.belleza.pos.entity.Articulo.hashCode(Articulo.java:23) ~[classes/:na]
	at com.belleza.pos.entity.ArticuloPrecio.hashCode(ArticuloPrecio.java:17) ~[classes/:na]
	at java.base/java.util.AbstractSet.hashCode(AbstractSet.java:124) ~[na:na]
	at org.hibernate.collection.spi.PersistentSet.hashCode(PersistentSet.java:413) ~[hibernate-core-6.3.1.Final.jar:6.3.1.Final]
	at com.belleza.pos.entity.Articulo.hashCode(Articulo.java:23) ~[classes/:na]
	at com.belleza.pos.entity.ArticuloPrecio.hashCode(ArticuloPrecio.java:17) ~[classes/:na]
	at java.base/java.util.AbstractSet.hashCode(AbstractSet.java:124) ~[na:na]
	at org.hibernate.collection.spi.PersistentSet.hashCode(PersistentSet.java:413) ~[hibernate-core-6.3.1.Final.jar:6.3.1.Final]
	at com.belleza.pos.entity.Articulo.hashCode(Articulo.java:23) ~[classes/:na]
	at com.belleza.pos.entity.ArticuloPrecio.hashCode(ArticuloPrecio.java:17) ~[classes/:na]
	at java.base/java.util.AbstractSet.hashCode(AbstractSet.java:124) ~[na:na]
	at org.hibernate.collection.spi.PersistentSet.hashCode(PersistentSet.java:413) ~[hibernate-core-6.3.1.Final.jar:6.3.1.Final]
	at com.belleza.pos.entity.Articulo.hashCode(Articulo.java:23) ~[classes/:na]
	at com.belleza.pos.entity.ArticuloPrecio.hashCode(ArticuloPrecio.java:17) ~[classes/:na]
	at java.base/java.util.AbstractSet.hashCode(AbstractSet.java:124) ~[na:na]
	at org.hibernate.collection.spi.PersistentSet.hashCode(PersistentSet.java:413) ~[hibernate-core-6.3.1.Final.jar:6.3.1.Final]
	at com.belleza.pos.entity.Articulo.hashCode(Articulo.java:23) ~[classes/:na]
	at com.belleza.pos.entity.ArticuloPrecio.hashCode(ArticuloPrecio.java:17) ~[classes/:na]
	at java.base/java.util.AbstractSet.hashCode(AbstractSet.java:124) ~[na:na]
	at org.hibernate.collection.spi.PersistentSet.hashCode(PersistentSet.java:413) ~[hibernate-core-6.3.1.Final.jar:6.3.1.Final]
	at com.belleza.pos.entity.Articulo.hashCode(Articulo.java:23) ~[classes/:na]
	at com.belleza.pos.entity.ArticuloPrecio.hashCode(ArticuloPrecio.java:17) ~[classes/:na]
	at java.base/java.util.AbstractSet.hashCode(AbstractSet.java:124) ~[na:na]
	at org.hibernate.collection.spi.PersistentSet.hashCode(PersistentSet.java:413) ~[hibernate-core-6.3.1.Final.jar:6.3.1.Final]
	at com.belleza.pos.entity.Articulo.hashCode(Articulo.java:23) ~[classes/:na]
	at com.belleza.pos.entity.ArticuloPrecio.hashCode(ArticuloPrecio.java:17) ~[classes/:na]
	at java.base/java.util.AbstractSet.hashCode(AbstractSet.java:124) ~[na:na]
	at org.hibernate.collection.spi.PersistentSet.hashCode(PersistentSet.java:413) ~[hibernate-core-6.3.1.Final.jar:6.3.1.Final]
	at com.belleza.pos.entity.Articulo.hashCode(Articulo.java:23) ~[classes/:na]
	at com.belleza.pos.entity.ArticuloPrecio.hashCode(ArticuloPrecio.java:17) ~[classes/:na]
	at java.base/java.util.AbstractSet.hashCode(AbstractSet.java:124) ~[na:na]
	at org.hibernate.collection.spi.PersistentSet.hashCode(PersistentSet.java:413) ~[hibernate-core-6.3.1.Final.jar:6.3.1.Final]
	at com.belleza.pos.entity.Articulo.hashCode(Articulo.java:23) ~[classes/:na]
	at com.belleza.pos.entity.ArticuloPrecio.hashCode(ArticuloPrecio.java:17) ~[classes/:na]
	at java.base/java.util.AbstractSet.hashCode(AbstractSet.java:124) ~[na:na]
	at org.hibernate.collection.spi.PersistentSet.hashCode(PersistentSet.java:413) ~[hibernate-core-6.3.1.Final.jar:6.3.1.Final]
	at com.belleza.pos.entity.Articulo.hashCode(Articulo.java:23) ~[classes/:na]
	at com.belleza.pos.entity.ArticuloPrecio.hashCode(ArticuloPrecio.java:17) ~[classes/:na]
	at java.base/java.util.AbstractSet.hashCode(AbstractSet.java:124) ~[na:na]
	at org.hibernate.collection.spi.PersistentSet.hashCode(PersistentSet.java:413) ~[hibernate-core-6.3.1.Final.jar:6.3.1.Final]
	at com.belleza.pos.entity.Articulo.hashCode(Articulo.java:23) ~[classes/:na]
	at com.belleza.pos.entity.ArticuloPrecio.hashCode(ArticuloPrecio.java:17) ~[classes/:na]
	at java.base/java.util.AbstractSet.hashCode(AbstractSet.java:124) ~[na:na]
	at org.hibernate.collection.spi.PersistentSet.hashCode(PersistentSet.java:413) ~[hibernate-core-6.3.1.Final.jar:6.3.1.Final]
	at com.belleza.pos.entity.Articulo.hashCode(Articulo.java:23) ~[classes/:na]
	at com.belleza.pos.entity.ArticuloPrecio.hashCode(ArticuloPrecio.java:17) ~[classes/:na]
	at java.base/java.util.AbstractSet.hashCode(AbstractSet.java:124) ~[na:na]
	at org.hibernate.collection.spi.PersistentSet.hashCode(PersistentSet.java:413) ~[hibernate-core-6.3.1.Final.jar:6.3.1.Final]
	at com.belleza.pos.entity.Articulo.hashCode(Articulo.java:23) ~[classes/:na]
	at com.belleza.pos.entity.ArticuloPrecio.hashCode(ArticuloPrecio.java:17) ~[classes/:na]
	at java.base/java.util.AbstractSet.hashCode(AbstractSet.java:124) ~[na:na]
	at org.hibernate.collection.spi.PersistentSet.hashCode(PersistentSet.java:413) ~[hibernate-core-6.3.1.Final.jar:6.3.1.Final]
	at com.belleza.pos.entity.Articulo.hashCode(Articulo.java:23) ~[classes/:na]
	at com.belleza.pos.entity.ArticuloPrecio.hashCode(ArticuloPrecio.java:17) ~[classes/:na]
	at java.base/java.util.AbstractSet.hashCode(AbstractSet.java:124) ~[na:na]
	at org.hibernate.collection.spi.PersistentSet.hashCode(PersistentSet.java:413) ~[hibernate-core-6.3.1.Final.jar:6.3.1.Final]
	at com.belleza.pos.entity.Articulo.hashCode(Articulo.java:23) ~[classes/:na]
	at com.belleza.pos.entity.ArticuloPrecio.hashCode(ArticuloPrecio.java:17) ~[classes/:na]
	at java.base/java.util.AbstractSet.hashCode(AbstractSet.java:124) ~[na:na]
	at org.hibernate.collection.spi.PersistentSet.hashCode(PersistentSet.java:413) ~[hibernate-core-6.3.1.Final.jar:6.3.1.Final]
	at com.belleza.pos.entity.Articulo.hashCode(Articulo.java:23) ~[classes/:na]
	at com.belleza.pos.entity.ArticuloPrecio.hashCode(ArticuloPrecio.java:17) ~[classes/:na]
	at java.base/java.util.AbstractSet.hashCode(AbstractSet.java:124) ~[na:na]
	at org.hibernate.collection.spi.PersistentSet.hashCode(PersistentSet.java:413) ~[hibernate-core-6.3.1.Final.jar:6.3.1.Final]
	at com.belleza.pos.entity.Articulo.hashCode(Articulo.java:23) ~[classes/:na]
	at com.belleza.pos.entity.ArticuloPrecio.hashCode(ArticuloPrecio.java:17) ~[classes/:na]
	at java.base/java.util.AbstractSet.hashCode(AbstractSet.java:124) ~[na:na]
	at org.hibernate.collection.spi.PersistentSet.hashCode(PersistentSet.java:413) ~[hibernate-core-6.3.1.Final.jar:6.3.1.Final]
	at com.belleza.pos.entity.Articulo.hashCode(Articulo.java:23) ~[classes/:na]
	at com.belleza.pos.entity.ArticuloPrecio.hashCode(ArticuloPrecio.java:17) ~[classes/:na]
	at java.base/java.util.AbstractSet.hashCode(AbstractSet.java:124) ~[na:na]
	at org.hibernate.collection.spi.PersistentSet.hashCode(PersistentSet.java:413) ~[hibernate-core-6.3.1.Final.jar:6.3.1.Final]
	at com.belleza.pos.entity.Articulo.hashCode(Articulo.java:23) ~[classes/:na]
	at com.belleza.pos.entity.ArticuloPrecio.hashCode(ArticuloPrecio.java:17) ~[classes/:na]
	at java.base/java.util.AbstractSet.hashCode(AbstractSet.java:124) ~[na:na]
	at org.hibernate.collection.spi.PersistentSet.hashCode(PersistentSet.java:413) ~[hibernate-core-6.3.1.Final.jar:6.3.1.Final]
	at com.belleza.pos.entity.Articulo.hashCode(Articulo.java:23) ~[classes/:na]
	at com.belleza.pos.entity.ArticuloPrecio.hashCode(ArticuloPrecio.java:17) ~[classes/:na]
	at java.base/java.util.AbstractSet.hashCode(AbstractSet.java:124) ~[na:na]
	at org.hibernate.collection.spi.PersistentSet.hashCode(PersistentSet.java:413) ~[hibernate-core-6.3.1.Final.jar:6.3.1.Final]
	at com.belleza.pos.entity.Articulo.hashCode(Articulo.java:23) ~[classes/:na]
	at com.belleza.pos.entity.ArticuloPrecio.hashCode(ArticuloPrecio.java:17) ~[classes/:na]
	at java.base/java.util.AbstractSet.hashCode(AbstractSet.java:124) ~[na:na]
	at org.hibernate.collection.spi.PersistentSet.hashCode(PersistentSet.java:413) ~[hibernate-core-6.3.1.Final.jar:6.3.1.Final]
	at com.belleza.pos.entity.Articulo.hashCode(Articulo.java:23) ~[classes/:na]
	at com.belleza.pos.entity.ArticuloPrecio.hashCode(ArticuloPrecio.java:17) ~[classes/:na]
	at java.base/java.util.AbstractSet.hashCode(AbstractSet.java:124) ~[na:na]
	at org.hibernate.collection.spi.PersistentSet.hashCode(PersistentSet.java:413) ~[hibernate-core-6.3.1.Final.jar:6.3.1.Final]
	at com.belleza.pos.entity.Articulo.hashCode(Articulo.java:23) ~[classes/:na]
	at com.belleza.pos.entity.ArticuloPrecio.hashCode(ArticuloPrecio.java:17) ~[classes/:na]
	at java.base/java.util.AbstractSet.hashCode(AbstractSet.java:124) ~[na:na]
	at org.hibernate.collection.spi.PersistentSet.hashCode(PersistentSet.java:413) ~[hibernate-core-6.3.1.Final.jar:6.3.1.Final]
	at com.belleza.pos.entity.Articulo.hashCode(Articulo.java:23) ~[classes/:na]
	at com.belleza.pos.entity.ArticuloPrecio.hashCode(ArticuloPrecio.java:17) ~[classes/:na]
	at java.base/java.util.AbstractSet.hashCode(AbstractSet.java:124) ~[na:na]
	at org.hibernate.collection.spi.PersistentSet.hashCode(PersistentSet.java:413) ~[hibernate-core-6.3.1.Final.jar:6.3.1.Final]
	at com.belleza.pos.entity.Articulo.hashCode(Articulo.java:23) ~[classes/:na]
	at com.belleza.pos.entity.ArticuloPrecio.hashCode(ArticuloPrecio.java:17) ~[classes/:na]
	at java.base/java.util.AbstractSet.hashCode(AbstractSet.java:124) ~[na:na]
	at org.hibernate.collection.spi.PersistentSet.hashCode(PersistentSet.java:413) ~[hibernate-core-6.3.1.Final.jar:6.3.1.Final]
	at com.belleza.pos.entity.Articulo.hashCode(Articulo.java:23) ~[classes/:na]
	at com.belleza.pos.entity.ArticuloPrecio.hashCode(ArticuloPrecio.java:17) ~[classes/:na]
	at java.base/java.util.AbstractSet.hashCode(AbstractSet.java:124) ~[na:na]
	at org.hibernate.collection.spi.PersistentSet.hashCode(PersistentSet.java:413) ~[hibernate-core-6.3.1.Final.jar:6.3.1.Final]
	at com.belleza.pos.entity.Articulo.hashCode(Articulo.java:23) ~[classes/:na]
	at com.belleza.pos.entity.ArticuloPrecio.hashCode(ArticuloPrecio.java:17) ~[classes/:na]
	at java.base/java.util.AbstractSet.hashCode(AbstractSet.java:124) ~[na:na]
	at org.hibernate.collection.spi.PersistentSet.hashCode(PersistentSet.java:413) ~[hibernate-core-6.3.1.Final.jar:6.3.1.Final]
	at com.belleza.pos.entity.Articulo.hashCode(Articulo.java:23) ~[classes/:na]
	at com.belleza.pos.entity.ArticuloPrecio.hashCode(ArticuloPrecio.java:17) ~[classes/:na]
	at java.base/java.util.AbstractSet.hashCode(AbstractSet.java:124) ~[na:na]
	at org.hibernate.collection.spi.PersistentSet.hashCode(PersistentSet.java:413) ~[hibernate-core-6.3.1.Final.jar:6.3.1.Final]
	at com.belleza.pos.entity.Articulo.hashCode(Articulo.java:23) ~[classes/:na]
	at com.belleza.pos.entity.ArticuloPrecio.hashCode(ArticuloPrecio.java:17) ~[classes/:na]
	at java.base/java.util.AbstractSet.hashCode(AbstractSet.java:124) ~[na:na]
	at org.hibernate.collection.spi.PersistentSet.hashCode(PersistentSet.java:413) ~[hibernate-core-6.3.1.Final.jar:6.3.1.Final]
	at com.belleza.pos.entity.Articulo.hashCode(Articulo.java:23) ~[classes/:na]
	at com.belleza.pos.entity.ArticuloPrecio.hashCode(ArticuloPrecio.java:17) ~[classes/:na]
	at java.base/java.util.AbstractSet.hashCode(AbstractSet.java:124) ~[na:na]
	at org.hibernate.collection.spi.PersistentSet.hashCode(PersistentSet.java:413) ~[hibernate-core-6.3.1.Final.jar:6.3.1.Final]
	at com.belleza.pos.entity.Articulo.hashCode(Articulo.java:23) ~[classes/:na]
	at com.belleza.pos.entity.ArticuloPrecio.hashCode(ArticuloPrecio.java:17) ~[classes/:na]
	at java.base/java.util.AbstractSet.hashCode(AbstractSet.java:124) ~[na:na]
	at org.hibernate.collection.spi.PersistentSet.hashCode(PersistentSet.java:413) ~[hibernate-core-6.3.1.Final.jar:6.3.1.Final]
	at com.belleza.pos.entity.Articulo.hashCode(Articulo.java:23) ~[classes/:na]
	at com.belleza.pos.entity.ArticuloPrecio.hashCode(ArticuloPrecio.java:17) ~[classes/:na]
	at java.base/java.util.AbstractSet.hashCode(AbstractSet.java:124) ~[na:na]
	at org.hibernate.collection.spi.PersistentSet.hashCode(PersistentSet.java:413) ~[hibernate-core-6.3.1.Final.jar:6.3.1.Final]
	at com.belleza.pos.entity.Articulo.hashCode(Articulo.java:23) ~[classes/:na]
	at com.belleza.pos.entity.ArticuloPrecio.hashCode(ArticuloPrecio.java:17) ~[classes/:na]
	at java.base/java.util.AbstractSet.hashCode(AbstractSet.java:124) ~[na:na]
	at org.hibernate.collection.spi.PersistentSet.hashCode(PersistentSet.java:413) ~[hibernate-core-6.3.1.Final.jar:6.3.1.Final]
	at com.belleza.pos.entity.Articulo.hashCode(Articulo.java:23) ~[classes/:na]
	at com.belleza.pos.entity.ArticuloPrecio.hashCode(ArticuloPrecio.java:17) ~[classes/:na]
	at java.base/java.util.AbstractSet.hashCode(AbstractSet.java:124) ~[na:na]
	at org.hibernate.collection.spi.PersistentSet.hashCode(PersistentSet.java:413) ~[hibernate-core-6.3.1.Final.jar:6.3.1.Final]
	at com.belleza.pos.entity.Articulo.hashCode(Articulo.java:23) ~[classes/:na]
	at com.belleza.pos.entity.ArticuloPrecio.hashCode(ArticuloPrecio.java:17) ~[classes/:na]
	at java.base/java.util.AbstractSet.hashCode(AbstractSet.java:124) ~[na:na]
	at org.hibernate.collection.spi.PersistentSet.hashCode(PersistentSet.java:413) ~[hibernate-core-6.3.1.Final.jar:6.3.1.Final]
	at com.belleza.pos.entity.Articulo.hashCode(Articulo.java:23) ~[classes/:na]
	at com.belleza.pos.entity.ArticuloPrecio.hashCode(ArticuloPrecio.java:17) ~[classes/:na]
	at java.base/java.util.AbstractSet.hashCode(AbstractSet.java:124) ~[na:na]
	at org.hibernate.collection.spi.PersistentSet.hashCode(PersistentSet.java:413) ~[hibernate-core-6.3.1.Final.jar:6.3.1.Final]
	at com.belleza.pos.entity.Articulo.hashCode(Articulo.java:23) ~[classes/:na]
	at com.belleza.pos.entity.ArticuloPrecio.hashCode(ArticuloPrecio.java:17) ~[classes/:na]
	at java.base/java.util.AbstractSet.hashCode(AbstractSet.java:124) ~[na:na]
	at org.hibernate.collection.spi.PersistentSet.hashCode(PersistentSet.java:413) ~[hibernate-core-6.3.1.Final.jar:6.3.1.Final]
	at com.belleza.pos.entity.Articulo.hashCode(Articulo.java:23) ~[classes/:na]
	at com.belleza.pos.entity.ArticuloPrecio.hashCode(ArticuloPrecio.java:17) ~[classes/:na]
	at java.base/java.util.AbstractSet.hashCode(AbstractSet.java:124) ~[na:na]
	at org.hibernate.collection.spi.PersistentSet.hashCode(PersistentSet.java:413) ~[hibernate-core-6.3.1.Final.jar:6.3.1.Final]
	at com.belleza.pos.entity.Articulo.hashCode(Articulo.java:23) ~[classes/:na]
	at com.belleza.pos.entity.ArticuloPrecio.hashCode(ArticuloPrecio.java:17) ~[classes/:na]
	at java.base/java.util.AbstractSet.hashCode(AbstractSet.java:124) ~[na:na]
	at org.hibernate.collection.spi.PersistentSet.hashCode(PersistentSet.java:413) ~[hibernate-core-6.3.1.Final.jar:6.3.1.Final]
	at com.belleza.pos.entity.Articulo.hashCode(Articulo.java:23) ~[classes/:na]
	at com.belleza.pos.entity.ArticuloPrecio.hashCode(ArticuloPrecio.java:17) ~[classes/:na]
	at java.base/java.util.AbstractSet.hashCode(AbstractSet.java:124) ~[na:na]
	at org.hibernate.collection.spi.PersistentSet.hashCode(PersistentSet.java:413) ~[hibernate-core-6.3.1.Final.jar:6.3.1.Final]
	at com.belleza.pos.entity.Articulo.hashCode(Articulo.java:23) ~[classes/:na]
	at com.belleza.pos.entity.ArticuloPrecio.hashCode(ArticuloPrecio.java:17) ~[classes/:na]
	at java.base/java.util.AbstractSet.hashCode(AbstractSet.java:124) ~[na:na]
	at org.hibernate.collection.spi.PersistentSet.hashCode(PersistentSet.java:413) ~[hibernate-core-6.3.1.Final.jar:6.3.1.Final]
	at com.belleza.pos.entity.Articulo.hashCode(Articulo.java:23) ~[classes/:na]
	at com.belleza.pos.entity.ArticuloPrecio.hashCode(ArticuloPrecio.java:17) ~[classes/:na]
	at java.base/java.util.AbstractSet.hashCode(AbstractSet.java:124) ~[na:na]
	at org.hibernate.collection.spi.PersistentSet.hashCode(PersistentSet.java:413) ~[hibernate-core-6.3.1.Final.jar:6.3.1.Final]
	at com.belleza.pos.entity.Articulo.hashCode(Articulo.java:23) ~[classes/:na]
	at com.belleza.pos.entity.ArticuloPrecio.hashCode(ArticuloPrecio.java:17) ~[classes/:na]
	at java.base/java.util.AbstractSet.hashCode(AbstractSet.java:124) ~[na:na]
	at org.hibernate.collection.spi.PersistentSet.hashCode(PersistentSet.java:413) ~[hibernate-core-6.3.1.Final.jar:6.3.1.Final]
	at com.belleza.pos.entity.Articulo.hashCode(Articulo.java:23) ~[classes/:na]
	at com.belleza.pos.entity.ArticuloPrecio.hashCode(ArticuloPrecio.java:17) ~[classes/:na]
	at java.base/java.util.AbstractSet.hashCode(AbstractSet.java:124) ~[na:na]
	at org.hibernate.collection.spi.PersistentSet.hashCode(PersistentSet.java:413) ~[hibernate-core-6.3.1.Final.jar:6.3.1.Final]
	at com.belleza.pos.entity.Articulo.hashCode(Articulo.java:23) ~[classes/:na]
	at com.belleza.pos.entity.ArticuloPrecio.hashCode(ArticuloPrecio.java:17) ~[classes/:na]
	at java.base/java.util.AbstractSet.hashCode(AbstractSet.java:124) ~[na:na]
	at org.hibernate.collection.spi.PersistentSet.hashCode(PersistentSet.java:413) ~[hibernate-core-6.3.1.Final.jar:6.3.1.Final]
	at com.belleza.pos.entity.Articulo.hashCode(Articulo.java:23) ~[classes/:na]
	at com.belleza.pos.entity.ArticuloPrecio.hashCode(ArticuloPrecio.java:17) ~[classes/:na]
	at java.base/java.util.AbstractSet.hashCode(AbstractSet.java:124) ~[na:na]
	at org.hibernate.collection.spi.PersistentSet.hashCode(PersistentSet.java:413) ~[hibernate-core-6.3.1.Final.jar:6.3.1.Final]
	at com.belleza.pos.entity.Articulo.hashCode(Articulo.java:23) ~[classes/:na]
	at com.belleza.pos.entity.ArticuloPrecio.hashCode(ArticuloPrecio.java:17) ~[classes/:na]
	at java.base/java.util.AbstractSet.hashCode(AbstractSet.java:124) ~[na:na]
	at org.hibernate.collection.spi.PersistentSet.hashCode(PersistentSet.java:413) ~[hibernate-core-6.3.1.Final.jar:6.3.1.Final]
	at com.belleza.pos.entity.Articulo.hashCode(Articulo.java:23) ~[classes/:na]
	at com.belleza.pos.entity.ArticuloPrecio.hashCode(ArticuloPrecio.java:17) ~[classes/:na]
	at java.base/java.util.AbstractSet.hashCode(AbstractSet.java:124) ~[na:na]
	at org.hibernate.collection.spi.PersistentSet.hashCode(PersistentSet.java:413) ~[hibernate-core-6.3.1.Final.jar:6.3.1.Final]
	at com.belleza.pos.entity.Articulo.hashCode(Articulo.java:23) ~[classes/:na]
	at com.belleza.pos.entity.ArticuloPrecio.hashCode(ArticuloPrecio.java:17) ~[classes/:na]
	at java.base/java.util.AbstractSet.hashCode(AbstractSet.java:124) ~[na:na]
	at org.hibernate.collection.spi.PersistentSet.hashCode(PersistentSet.java:413) ~[hibernate-core-6.3.1.Final.jar:6.3.1.Final]
	at com.belleza.pos.entity.Articulo.hashCode(Articulo.java:23) ~[classes/:na]
	at com.belleza.pos.entity.ArticuloPrecio.hashCode(ArticuloPrecio.java:17) ~[classes/:na]
	at java.base/java.util.AbstractSet.hashCode(AbstractSet.java:124) ~[na:na]
	at org.hibernate.collection.spi.PersistentSet.hashCode(PersistentSet.java:413) ~[hibernate-core-6.3.1.Final.jar:6.3.1.Final]
	at com.belleza.pos.entity.Articulo.hashCode(Articulo.java:23) ~[classes/:na]
	at com.belleza.pos.entity.ArticuloPrecio.hashCode(ArticuloPrecio.java:17) ~[classes/:na]
	at java.base/java.util.AbstractSet.hashCode(AbstractSet.java:124) ~[na:na]
	at org.hibernate.collection.spi.PersistentSet.hashCode(PersistentSet.java:413) ~[hibernate-core-6.3.1.Final.jar:6.3.1.Final]
	at com.belleza.pos.entity.Articulo.hashCode(Articulo.java:23) ~[classes/:na]
	at com.belleza.pos.entity.ArticuloPrecio.hashCode(ArticuloPrecio.java:17) ~[classes/:na]
	at java.base/java.util.AbstractSet.hashCode(AbstractSet.java:124) ~[na:na]
	at org.hibernate.collection.spi.PersistentSet.hashCode(PersistentSet.java:413) ~[hibernate-core-6.3.1.Final.jar:6.3.1.Final]
	at com.belleza.pos.entity.Articulo.hashCode(Articulo.java:23) ~[classes/:na]
	at com.belleza.pos.entity.ArticuloPrecio.hashCode(ArticuloPrecio.java:17) ~[classes/:na]
	at java.base/java.util.AbstractSet.hashCode(AbstractSet.java:124) ~[na:na]
	at org.hibernate.collection.spi.PersistentSet.hashCode(PersistentSet.java:413) ~[hibernate-core-6.3.1.Final.jar:6.3.1.Final]
	at com.belleza.pos.entity.Articulo.hashCode(Articulo.java:23) ~[classes/:na]
	at com.belleza.pos.entity.ArticuloPrecio.hashCode(ArticuloPrecio.java:17) ~[classes/:na]
	at java.base/java.util.AbstractSet.hashCode(AbstractSet.java:124) ~[na:na]
	at org.hibernate.collection.spi.PersistentSet.hashCode(PersistentSet.java:413) ~[hibernate-core-6.3.1.Final.jar:6.3.1.Final]
	at com.belleza.pos.entity.Articulo.hashCode(Articulo.java:23) ~[classes/:na]
	at com.belleza.pos.entity.ArticuloPrecio.hashCode(ArticuloPrecio.java:17) ~[classes/:na]
	at java.base/java.util.AbstractSet.hashCode(AbstractSet.java:124) ~[na:na]
	at org.hibernate.collection.spi.PersistentSet.hashCode(PersistentSet.java:413) ~[hibernate-core-6.3.1.Final.jar:6.3.1.Final]
	at com.belleza.pos.entity.Articulo.hashCode(Articulo.java:23) ~[classes/:na]
	at com.belleza.pos.entity.ArticuloPrecio.hashCode(ArticuloPrecio.java:17) ~[classes/:na]
	at java.base/java.util.AbstractSet.hashCode(AbstractSet.java:124) ~[na:na]
	at org.hibernate.collection.spi.PersistentSet.hashCode(PersistentSet.java:413) ~[hibernate-core-6.3.1.Final.jar:6.3.1.Final]
	at com.belleza.pos.entity.Articulo.hashCode(Articulo.java:23) ~[classes/:na]
	at com.belleza.pos.entity.ArticuloPrecio.hashCode(ArticuloPrecio.java:17) ~[classes/:na]
	at java.base/java.util.AbstractSet.hashCode(AbstractSet.java:124) ~[na:na]
	at org.hibernate.collection.spi.PersistentSet.hashCode(PersistentSet.java:413) ~[hibernate-core-6.3.1.Final.jar:6.3.1.Final]
	at com.belleza.pos.entity.Articulo.hashCode(Articulo.java:23) ~[classes/:na]
	at com.belleza.pos.entity.ArticuloPrecio.hashCode(ArticuloPrecio.java:17) ~[classes/:na]
	at java.base/java.util.AbstractSet.hashCode(AbstractSet.java:124) ~[na:na]
	at org.hibernate.collection.spi.PersistentSet.hashCode(PersistentSet.java:413) ~[hibernate-core-6.3.1.Final.jar:6.3.1.Final]
	at com.belleza.pos.entity.Articulo.hashCode(Articulo.java:23) ~[classes/:na]
	at com.belleza.pos.entity.ArticuloPrecio.hashCode(ArticuloPrecio.java:17) ~[classes/:na]
	at java.base/java.util.AbstractSet.hashCode(AbstractSet.java:124) ~[na:na]
	at org.hibernate.collection.spi.PersistentSet.hashCode(PersistentSet.java:413) ~[hibernate-core-6.3.1.Final.jar:6.3.1.Final]
	at com.belleza.pos.entity.Articulo.hashCode(Articulo.java:23) ~[classes/:na]
	at com.belleza.pos.entity.ArticuloPrecio.hashCode(ArticuloPrecio.java:17) ~[classes/:na]
	at java.base/java.util.AbstractSet.hashCode(AbstractSet.java:124) ~[na:na]
	at org.hibernate.collection.spi.PersistentSet.hashCode(PersistentSet.java:413) ~[hibernate-core-6.3.1.Final.jar:6.3.1.Final]
	at com.belleza.pos.entity.Articulo.hashCode(Articulo.java:23) ~[classes/:na]
	at com.belleza.pos.entity.ArticuloPrecio.hashCode(ArticuloPrecio.java:17) ~[classes/:na]
	at java.base/java.util.AbstractSet.hashCode(AbstractSet.java:124) ~[na:na]
	at org.hibernate.collection.spi.PersistentSet.hashCode(PersistentSet.java:413) ~[hibernate-core-6.3.1.Final.jar:6.3.1.Final]
	at com.belleza.pos.entity.Articulo.hashCode(Articulo.java:23) ~[classes/:na]
	at com.belleza.pos.entity.ArticuloPrecio.hashCode(ArticuloPrecio.java:17) ~[classes/:na]
	at java.base/java.util.AbstractSet.hashCode(AbstractSet.java:124) ~[na:na]
	at org.hibernate.collection.spi.PersistentSet.hashCode(PersistentSet.java:413) ~[hibernate-core-6.3.1.Final.jar:6.3.1.Final]
	at com.belleza.pos.entity.Articulo.hashCode(Articulo.java:23) ~[classes/:na]
	at com.belleza.pos.entity.ArticuloPrecio.hashCode(ArticuloPrecio.java:17) ~[classes/:na]
	at java.base/java.util.AbstractSet.hashCode(AbstractSet.java:124) ~[na:na]
	at org.hibernate.collection.spi.PersistentSet.hashCode(PersistentSet.java:413) ~[hibernate-core-6.3.1.Final.jar:6.3.1.Final]
	at com.belleza.pos.entity.Articulo.hashCode(Articulo.java:23) ~[classes/:na]
	at com.belleza.pos.entity.ArticuloPrecio.hashCode(ArticuloPrecio.java:17) ~[classes/:na]
	at java.base/java.util.AbstractSet.hashCode(AbstractSet.java:124) ~[na:na]
	at org.hibernate.collection.spi.PersistentSet.hashCode(PersistentSet.java:413) ~[hibernate-core-6.3.1.Final.jar:6.3.1.Final]
	at com.belleza.pos.entity.Articulo.hashCode(Articulo.java:23) ~[classes/:na]
	at com.belleza.pos.entity.ArticuloPrecio.hashCode(ArticuloPrecio.java:17) ~[classes/:na]
	at java.base/java.util.AbstractSet.hashCode(AbstractSet.java:124) ~[na:na]
	at org.hibernate.collection.spi.PersistentSet.hashCode(PersistentSet.java:413) ~[hibernate-core-6.3.1.Final.jar:6.3.1.Final]
	at com.belleza.pos.entity.Articulo.hashCode(Articulo.java:23) ~[classes/:na]
	at com.belleza.pos.entity.ArticuloPrecio.hashCode(ArticuloPrecio.java:17) ~[classes/:na]
	at java.base/java.util.AbstractSet.hashCode(AbstractSet.java:124) ~[na:na]
	at org.hibernate.collection.spi.PersistentSet.hashCode(PersistentSet.java:413) ~[hibernate-core-6.3.1.Final.jar:6.3.1.Final]
	at com.belleza.pos.entity.Articulo.hashCode(Articulo.java:23) ~[classes/:na]
	at com.belleza.pos.entity.ArticuloPrecio.hashCode(ArticuloPrecio.java:17) ~[classes/:na]
	at java.base/java.util.AbstractSet.hashCode(AbstractSet.java:124) ~[na:na]
	at org.hibernate.collection.spi.PersistentSet.hashCode(PersistentSet.java:413) ~[hibernate-core-6.3.1.Final.jar:6.3.1.Final]
	at com.belleza.pos.entity.Articulo.hashCode(Articulo.java:23) ~[classes/:na]
	at com.belleza.pos.entity.ArticuloPrecio.hashCode(ArticuloPrecio.java:17) ~[classes/:na]
	at java.base/java.util.AbstractSet.hashCode(AbstractSet.java:124) ~[na:na]
	at org.hibernate.collection.spi.PersistentSet.hashCode(PersistentSet.java:413) ~[hibernate-core-6.3.1.Final.jar:6.3.1.Final]
	at com.belleza.pos.entity.Articulo.hashCode(Articulo.java:23) ~[classes/:na]
	at com.belleza.pos.entity.ArticuloPrecio.hashCode(ArticuloPrecio.java:17) ~[classes/:na]
	at java.base/java.util.AbstractSet.hashCode(AbstractSet.java:124) ~[na:na]
	at org.hibernate.collection.spi.PersistentSet.hashCode(PersistentSet.java:413) ~[hibernate-core-6.3.1.Final.jar:6.3.1.Final]
	at com.belleza.pos.entity.Articulo.hashCode(Articulo.java:23) ~[classes/:na]
	at com.belleza.pos.entity.ArticuloPrecio.hashCode(ArticuloPrecio.java:17) ~[classes/:na]
	at java.base/java.util.AbstractSet.hashCode(AbstractSet.java:124) ~[na:na]
	at org.hibernate.collection.spi.PersistentSet.hashCode(PersistentSet.java:413) ~[hibernate-core-6.3.1.Final.jar:6.3.1.Final]
	at com.belleza.pos.entity.Articulo.hashCode(Articulo.java:23) ~[classes/:na]
	at com.belleza.pos.entity.ArticuloPrecio.hashCode(ArticuloPrecio.java:17) ~[classes/:na]
	at java.base/java.util.AbstractSet.hashCode(AbstractSet.java:124) ~[na:na]
	at org.hibernate.collection.spi.PersistentSet.hashCode(PersistentSet.java:413) ~[hibernate-core-6.3.1.Final.jar:6.3.1.Final]
	at com.belleza.pos.entity.Articulo.hashCode(Articulo.java:23) ~[classes/:na]
	at com.belleza.pos.entity.ArticuloPrecio.hashCode(ArticuloPrecio.java:17) ~[classes/:na]
	at java.base/java.util.AbstractSet.hashCode(AbstractSet.java:124) ~[na:na]
	at org.hibernate.collection.spi.PersistentSet.hashCode(PersistentSet.java:413) ~[hibernate-core-6.3.1.Final.jar:6.3.1.Final]
	at com.belleza.pos.entity.Articulo.hashCode(Articulo.java:23) ~[classes/:na]
	at com.belleza.pos.entity.ArticuloPrecio.hashCode(ArticuloPrecio.java:17) ~[classes/:na]
	at java.base/java.util.AbstractSet.hashCode(AbstractSet.java:124) ~[na:na]
	at org.hibernate.collection.spi.PersistentSet.hashCode(PersistentSet.java:413) ~[hibernate-core-6.3.1.Final.jar:6.3.1.Final]
	at com.belleza.pos.entity.Articulo.hashCode(Articulo.java:23) ~[classes/:na]
	at com.belleza.pos.entity.ArticuloPrecio.hashCode(ArticuloPrecio.java:17) ~[classes/:na]
	at java.base/java.util.AbstractSet.hashCode(AbstractSet.java:124) ~[na:na]
	at org.hibernate.collection.spi.PersistentSet.hashCode(PersistentSet.java:413) ~[hibernate-core-6.3.1.Final.jar:6.3.1.Final]
	at com.belleza.pos.entity.Articulo.hashCode(Articulo.java:23) ~[classes/:na]
	at com.belleza.pos.entity.ArticuloPrecio.hashCode(ArticuloPrecio.java:17) ~[classes/:na]
	at java.base/java.util.AbstractSet.hashCode(AbstractSet.java:124) ~[na:na]
	at org.hibernate.collection.spi.PersistentSet.hashCode(PersistentSet.java:413) ~[hibernate-core-6.3.1.Final.jar:6.3.1.Final]
	at com.belleza.pos.entity.Articulo.hashCode(Articulo.java:23) ~[classes/:na]
	at com.belleza.pos.entity.ArticuloPrecio.hashCode(ArticuloPrecio.java:17) ~[classes/:na]
	at java.base/java.util.AbstractSet.hashCode(AbstractSet.java:124) ~[na:na]
	at org.hibernate.collection.spi.PersistentSet.hashCode(PersistentSet.java:413) ~[hibernate-core-6.3.1.Final.jar:6.3.1.Final]
	at com.belleza.pos.entity.Articulo.hashCode(Articulo.java:23) ~[classes/:na]
	at com.belleza.pos.entity.ArticuloPrecio.hashCode(ArticuloPrecio.java:17) ~[classes/:na]
	at java.base/java.util.AbstractSet.hashCode(AbstractSet.java:124) ~[na:na]
	at org.hibernate.collection.spi.PersistentSet.hashCode(PersistentSet.java:413) ~[hibernate-core-6.3.1.Final.jar:6.3.1.Final]
	at com.belleza.pos.entity.Articulo.hashCode(Articulo.java:23) ~[classes/:na]
	at com.belleza.pos.entity.ArticuloPrecio.hashCode(ArticuloPrecio.java:17) ~[classes/:na]
	at java.base/java.util.AbstractSet.hashCode(AbstractSet.java:124) ~[na:na]
	at org.hibernate.collection.spi.PersistentSet.hashCode(PersistentSet.java:413) ~[hibernate-core-6.3.1.Final.jar:6.3.1.Final]
	at com.belleza.pos.entity.Articulo.hashCode(Articulo.java:23) ~[classes/:na]
	at com.belleza.pos.entity.ArticuloPrecio.hashCode(ArticuloPrecio.java:17) ~[classes/:na]
	at java.base/java.util.AbstractSet.hashCode(AbstractSet.java:124) ~[na:na]
	at org.hibernate.collection.spi.PersistentSet.hashCode(PersistentSet.java:413) ~[hibernate-core-6.3.1.Final.jar:6.3.1.Final]
	at com.belleza.pos.entity.Articulo.hashCode(Articulo.java:23) ~[classes/:na]
	at com.belleza.pos.entity.ArticuloPrecio.hashCode(ArticuloPrecio.java:17) ~[classes/:na]
	at java.base/java.util.AbstractSet.hashCode(AbstractSet.java:124) ~[na:na]
	at org.hibernate.collection.spi.PersistentSet.hashCode(PersistentSet.java:413) ~[hibernate-core-6.3.1.Final.jar:6.3.1.Final]
	at com.belleza.pos.entity.Articulo.hashCode(Articulo.java:23) ~[classes/:na]
	at com.belleza.pos.entity.ArticuloPrecio.hashCode(ArticuloPrecio.java:17) ~[classes/:na]
	at java.base/java.util.AbstractSet.hashCode(AbstractSet.java:124) ~[na:na]
	at org.hibernate.collection.spi.PersistentSet.hashCode(PersistentSet.java:413) ~[hibernate-core-6.3.1.Final.jar:6.3.1.Final]
	at com.belleza.pos.entity.Articulo.hashCode(Articulo.java:23) ~[classes/:na]
	at com.belleza.pos.entity.ArticuloPrecio.hashCode(ArticuloPrecio.java:17) ~[classes/:na]
	at java.base/java.util.AbstractSet.hashCode(AbstractSet.java:124) ~[na:na]
	at org.hibernate.collection.spi.PersistentSet.hashCode(PersistentSet.java:413) ~[hibernate-core-6.3.1.Final.jar:6.3.1.Final]
	at com.belleza.pos.entity.Articulo.hashCode(Articulo.java:23) ~[classes/:na]
	at com.belleza.pos.entity.ArticuloPrecio.hashCode(ArticuloPrecio.java:17) ~[classes/:na]
	at java.base/java.util.AbstractSet.hashCode(AbstractSet.java:124) ~[na:na]
	at org.hibernate.collection.spi.PersistentSet.hashCode(PersistentSet.java:413) ~[hibernate-core-6.3.1.Final.jar:6.3.1.Final]
	at com.belleza.pos.entity.Articulo.hashCode(Articulo.java:23) ~[classes/:na]
	at com.belleza.pos.entity.ArticuloPrecio.hashCode(ArticuloPrecio.java:17) ~[classes/:na]
	at java.base/java.util.AbstractSet.hashCode(AbstractSet.java:124) ~[na:na]
	at org.hibernate.collection.spi.PersistentSet.hashCode(PersistentSet.java:413) ~[hibernate-core-6.3.1.Final.jar:6.3.1.Final]
	at com.belleza.pos.entity.Articulo.hashCode(Articulo.java:23) ~[classes/:na]
	at com.belleza.pos.entity.ArticuloPrecio.hashCode(ArticuloPrecio.java:17) ~[classes/:na]
	at java.base/java.util.AbstractSet.hashCode(AbstractSet.java:124) ~[na:na]
	at org.hibernate.collection.spi.PersistentSet.hashCode(PersistentSet.java:413) ~[hibernate-core-6.3.1.Final.jar:6.3.1.Final]
	at com.belleza.pos.entity.Articulo.hashCode(Articulo.java:23) ~[classes/:na]
	at com.belleza.pos.entity.ArticuloPrecio.hashCode(ArticuloPrecio.java:17) ~[classes/:na]
	at java.base/java.util.AbstractSet.hashCode(AbstractSet.java:124) ~[na:na]
	at org.hibernate.collection.spi.PersistentSet.hashCode(PersistentSet.java:413) ~[hibernate-core-6.3.1.Final.jar:6.3.1.Final]
	at com.belleza.pos.entity.Articulo.hashCode(Articulo.java:23) ~[classes/:na]
	at com.belleza.pos.entity.ArticuloPrecio.hashCode(ArticuloPrecio.java:17) ~[classes/:na]
	at java.base/java.util.AbstractSet.hashCode(AbstractSet.java:124) ~[na:na]
	at org.hibernate.collection.spi.PersistentSet.hashCode(PersistentSet.java:413) ~[hibernate-core-6.3.1.Final.jar:6.3.1.Final]
	at com.belleza.pos.entity.Articulo.hashCode(Articulo.java:23) ~[classes/:na]
	at com.belleza.pos.entity.ArticuloPrecio.hashCode(ArticuloPrecio.java:17) ~[classes/:na]
	at java.base/java.util.AbstractSet.hashCode(AbstractSet.java:124) ~[na:na]
	at org.hibernate.collection.spi.PersistentSet.hashCode(PersistentSet.java:413) ~[hibernate-core-6.3.1.Final.jar:6.3.1.Final]
	at com.belleza.pos.entity.Articulo.hashCode(Articulo.java:23) ~[classes/:na]
	at com.belleza.pos.entity.ArticuloPrecio.hashCode(ArticuloPrecio.java:17) ~[classes/:na]
	at java.base/java.util.AbstractSet.hashCode(AbstractSet.java:124) ~[na:na]
	at org.hibernate.collection.spi.PersistentSet.hashCode(PersistentSet.java:413) ~[hibernate-core-6.3.1.Final.jar:6.3.1.Final]
	at com.belleza.pos.entity.Articulo.hashCode(Articulo.java:23) ~[classes/:na]
	at com.belleza.pos.entity.ArticuloPrecio.hashCode(ArticuloPrecio.java:17) ~[classes/:na]
	at java.base/java.util.AbstractSet.hashCode(AbstractSet.java:124) ~[na:na]
	at org.hibernate.collection.spi.PersistentSet.hashCode(PersistentSet.java:413) ~[hibernate-core-6.3.1.Final.jar:6.3.1.Final]
	at com.belleza.pos.entity.Articulo.hashCode(Articulo.java:23) ~[classes/:na]
	at com.belleza.pos.entity.ArticuloPrecio.hashCode(ArticuloPrecio.java:17) ~[classes/:na]
	at java.base/java.util.AbstractSet.hashCode(AbstractSet.java:124) ~[na:na]
	at org.hibernate.collection.spi.PersistentSet.hashCode(PersistentSet.java:413) ~[hibernate-core-6.3.1.Final.jar:6.3.1.Final]
	at com.belleza.pos.entity.Articulo.hashCode(Articulo.java:23) ~[classes/:na]
	at com.belleza.pos.entity.ArticuloPrecio.hashCode(ArticuloPrecio.java:17) ~[classes/:na]
	at java.base/java.util.AbstractSet.hashCode(AbstractSet.java:124) ~[na:na]
	at org.hibernate.collection.spi.PersistentSet.hashCode(PersistentSet.java:413) ~[hibernate-core-6.3.1.Final.jar:6.3.1.Final]
	at com.belleza.pos.entity.Articulo.hashCode(Articulo.java:23) ~[classes/:na]
	at com.belleza.pos.entity.ArticuloPrecio.hashCode(ArticuloPrecio.java:17) ~[classes/:na]
	at java.base/java.util.AbstractSet.hashCode(AbstractSet.java:124) ~[na:na]
	at org.hibernate.collection.spi.PersistentSet.hashCode(PersistentSet.java:413) ~[hibernate-core-6.3.1.Final.jar:6.3.1.Final]
	at com.belleza.pos.entity.Articulo.hashCode(Articulo.java:23) ~[classes/:na]
	at com.belleza.pos.entity.ArticuloPrecio.hashCode(ArticuloPrecio.java:17) ~[classes/:na]
	at java.base/java.util.AbstractSet.hashCode(AbstractSet.java:124) ~[na:na]
	at org.hibernate.collection.spi.PersistentSet.hashCode(PersistentSet.java:413) ~[hibernate-core-6.3.1.Final.jar:6.3.1.Final]
	at com.belleza.pos.entity.Articulo.hashCode(Articulo.java:23) ~[classes/:na]
	at com.belleza.pos.entity.ArticuloPrecio.hashCode(ArticuloPrecio.java:17) ~[classes/:na]
	at java.base/java.util.AbstractSet.hashCode(AbstractSet.java:124) ~[na:na]
	at org.hibernate.collection.spi.PersistentSet.hashCode(PersistentSet.java:413) ~[hibernate-core-6.3.1.Final.jar:6.3.1.Final]
	at com.belleza.pos.entity.Articulo.hashCode(Articulo.java:23) ~[classes/:na]
	at com.belleza.pos.entity.ArticuloPrecio.hashCode(ArticuloPrecio.java:17) ~[classes/:na]
	at java.base/java.util.AbstractSet.hashCode(AbstractSet.java:124) ~[na:na]
	at org.hibernate.collection.spi.PersistentSet.hashCode(PersistentSet.java:413) ~[hibernate-core-6.3.1.Final.jar:6.3.1.Final]
	at com.belleza.pos.entity.Articulo.hashCode(Articulo.java:23) ~[classes/:na]
	at com.belleza.pos.entity.ArticuloPrecio.hashCode(ArticuloPrecio.java:17) ~[classes/:na]
	at java.base/java.util.AbstractSet.hashCode(AbstractSet.java:124) ~[na:na]
	at org.hibernate.collection.spi.PersistentSet.hashCode(PersistentSet.java:413) ~[hibernate-core-6.3.1.Final.jar:6.3.1.Final]
	at com.belleza.pos.entity.Articulo.hashCode(Articulo.java:23) ~[classes/:na]
	at com.belleza.pos.entity.ArticuloPrecio.hashCode(ArticuloPrecio.java:17) ~[classes/:na]
	at java.base/java.util.AbstractSet.hashCode(AbstractSet.java:124) ~[na:na]
	at org.hibernate.collection.spi.PersistentSet.hashCode(PersistentSet.java:413) ~[hibernate-core-6.3.1.Final.jar:6.3.1.Final]
	at com.belleza.pos.entity.Articulo.hashCode(Articulo.java:23) ~[classes/:na]
	at com.belleza.pos.entity.ArticuloPrecio.hashCode(ArticuloPrecio.java:17) ~[classes/:na]
	at java.base/java.util.AbstractSet.hashCode(AbstractSet.java:124) ~[na:na]
	at org.hibernate.collection.spi.PersistentSet.hashCode(PersistentSet.java:413) ~[hibernate-core-6.3.1.Final.jar:6.3.1.Final]
	at com.belleza.pos.entity.Articulo.hashCode(Articulo.java:23) ~[classes/:na]
	at com.belleza.pos.entity.ArticuloPrecio.hashCode(ArticuloPrecio.java:17) ~[classes/:na]
	at java.base/java.util.AbstractSet.hashCode(AbstractSet.java:124) ~[na:na]
	at org.hibernate.collection.spi.PersistentSet.hashCode(PersistentSet.java:413) ~[hibernate-core-6.3.1.Final.jar:6.3.1.Final]
	at com.belleza.pos.entity.Articulo.hashCode(Articulo.java:23) ~[classes/:na]
	at com.belleza.pos.entity.ArticuloPrecio.hashCode(ArticuloPrecio.java:17) ~[classes/:na]
	at java.base/java.util.AbstractSet.hashCode(AbstractSet.java:124) ~[na:na]
	at org.hibernate.collection.spi.PersistentSet.hashCode(PersistentSet.java:413) ~[hibernate-core-6.3.1.Final.jar:6.3.1.Final]
	at com.belleza.pos.entity.Articulo.hashCode(Articulo.java:23) ~[classes/:na]
	at com.belleza.pos.entity.ArticuloPrecio.hashCode(ArticuloPrecio.java:17) ~[classes/:na]
	at java.base/java.util.AbstractSet.hashCode(AbstractSet.java:124) ~[na:na]
	at org.hibernate.collection.spi.PersistentSet.hashCode(PersistentSet.java:413) ~[hibernate-core-6.3.1.Final.jar:6.3.1.Final]
	at com.belleza.pos.entity.Articulo.hashCode(Articulo.java:23) ~[classes/:na]
	at com.belleza.pos.entity.ArticuloPrecio.hashCode(ArticuloPrecio.java:17) ~[classes/:na]
	at java.base/java.util.AbstractSet.hashCode(AbstractSet.java:124) ~[na:na]
	at org.hibernate.collection.spi.PersistentSet.hashCode(PersistentSet.java:413) ~[hibernate-core-6.3.1.Final.jar:6.3.1.Final]
	at com.belleza.pos.entity.Articulo.hashCode(Articulo.java:23) ~[classes/:na]
	at com.belleza.pos.entity.ArticuloPrecio.hashCode(ArticuloPrecio.java:17) ~[classes/:na]
	at java.base/java.util.AbstractSet.hashCode(AbstractSet.java:124) ~[na:na]
	at org.hibernate.collection.spi.PersistentSet.hashCode(PersistentSet.java:413) ~[hibernate-core-6.3.1.Final.jar:6.3.1.Final]
	at com.belleza.pos.entity.Articulo.hashCode(Articulo.java:23) ~[classes/:na]
	at com.belleza.pos.entity.ArticuloPrecio.hashCode(ArticuloPrecio.java:17) ~[classes/:na]
	at java.base/java.util.AbstractSet.hashCode(AbstractSet.java:124) ~[na:na]
	at org.hibernate.collection.spi.PersistentSet.hashCode(PersistentSet.java:413) ~[hibernate-core-6.3.1.Final.jar:6.3.1.Final]
	at com.belleza.pos.entity.Articulo.hashCode(Articulo.java:23) ~[classes/:na]
	at com.belleza.pos.entity.ArticuloPrecio.hashCode(ArticuloPrecio.java:17) ~[classes/:na]
	at java.base/java.util.AbstractSet.hashCode(AbstractSet.java:124) ~[na:na]
	at org.hibernate.collection.spi.PersistentSet.hashCode(PersistentSet.java:413) ~[hibernate-core-6.3.1.Final.jar:6.3.1.Final]
	at com.belleza.pos.entity.Articulo.hashCode(Articulo.java:23) ~[classes/:na]
	at com.belleza.pos.entity.ArticuloPrecio.hashCode(ArticuloPrecio.java:17) ~[classes/:na]
	at java.base/java.util.AbstractSet.hashCode(AbstractSet.java:124) ~[na:na]
	at org.hibernate.collection.spi.PersistentSet.hashCode(PersistentSet.java:413) ~[hibernate-core-6.3.1.Final.jar:6.3.1.Final]
	at com.belleza.pos.entity.Articulo.hashCode(Articulo.java:23) ~[classes/:na]
	at com.belleza.pos.entity.ArticuloPrecio.hashCode(ArticuloPrecio.java:17) ~[classes/:na]
	at java.base/java.util.AbstractSet.hashCode(AbstractSet.java:124) ~[na:na]
	at org.hibernate.collection.spi.PersistentSet.hashCode(PersistentSet.java:413) ~[hibernate-core-6.3.1.Final.jar:6.3.1.Final]
	at com.belleza.pos.entity.Articulo.hashCode(Articulo.java:23) ~[classes/:na]
	at com.belleza.pos.entity.ArticuloPrecio.hashCode(ArticuloPrecio.java:17) ~[classes/:na]
	at java.base/java.util.AbstractSet.hashCode(AbstractSet.java:124) ~[na:na]
	at org.hibernate.collection.spi.PersistentSet.hashCode(PersistentSet.java:413) ~[hibernate-core-6.3.1.Final.jar:6.3.1.Final]
	at com.belleza.pos.entity.Articulo.hashCode(Articulo.java:23) ~[classes/:na]
	at com.belleza.pos.entity.ArticuloPrecio.hashCode(ArticuloPrecio.java:17) ~[classes/:na]
	at java.base/java.util.AbstractSet.hashCode(AbstractSet.java:124) ~[na:na]
	at org.hibernate.collection.spi.PersistentSet.hashCode(PersistentSet.java:413) ~[hibernate-core-6.3.1.Final.jar:6.3.1.Final]
	at com.belleza.pos.entity.Articulo.hashCode(Articulo.java:23) ~[classes/:na]
	at com.belleza.pos.entity.ArticuloPrecio.hashCode(ArticuloPrecio.java:17) ~[classes/:na]
	at java.base/java.util.AbstractSet.hashCode(AbstractSet.java:124) ~[na:na]
	at org.hibernate.collection.spi.PersistentSet.hashCode(PersistentSet.java:413) ~[hibernate-core-6.3.1.Final.jar:6.3.1.Final]
	at com.belleza.pos.entity.Articulo.hashCode(Articulo.java:23) ~[classes/:na]
	at com.belleza.pos.entity.ArticuloPrecio.hashCode(ArticuloPrecio.java:17) ~[classes/:na]
	at java.base/java.util.AbstractSet.hashCode(AbstractSet.java:124) ~[na:na]
	at org.hibernate.collection.spi.PersistentSet.hashCode(PersistentSet.java:413) ~[hibernate-core-6.3.1.Final.jar:6.3.1.Final]
	at com.belleza.pos.entity.Articulo.hashCode(Articulo.java:23) ~[classes/:na]
	at com.belleza.pos.entity.ArticuloPrecio.hashCode(ArticuloPrecio.java:17) ~[classes/:na]
	at java.base/java.util.AbstractSet.hashCode(AbstractSet.java:124) ~[na:na]
	at org.hibernate.collection.spi.PersistentSet.hashCode(PersistentSet.java:413) ~[hibernate-core-6.3.1.Final.jar:6.3.1.Final]
	at com.belleza.pos.entity.Articulo.hashCode(Articulo.java:23) ~[classes/:na]
	at com.belleza.pos.entity.ArticuloPrecio.hashCode(ArticuloPrecio.java:17) ~[classes/:na]
	at java.base/java.util.AbstractSet.hashCode(AbstractSet.java:124) ~[na:na]
	at org.hibernate.collection.spi.PersistentSet.hashCode(PersistentSet.java:413) ~[hibernate-core-6.3.1.Final.jar:6.3.1.Final]
	at com.belleza.pos.entity.Articulo.hashCode(Articulo.java:23) ~[classes/:na]
	at com.belleza.pos.entity.ArticuloPrecio.hashCode(ArticuloPrecio.java:17) ~[classes/:na]
	at java.base/java.util.AbstractSet.hashCode(AbstractSet.java:124) ~[na:na]
	at org.hibernate.collection.spi.PersistentSet.hashCode(PersistentSet.java:413) ~[hibernate-core-6.3.1.Final.jar:6.3.1.Final]
	at com.belleza.pos.entity.Articulo.hashCode(Articulo.java:23) ~[classes/:na]
	at com.belleza.pos.entity.ArticuloPrecio.hashCode(ArticuloPrecio.java:17) ~[classes/:na]
	at java.base/java.util.AbstractSet.hashCode(AbstractSet.java:124) ~[na:na]
	at org.hibernate.collection.spi.PersistentSet.hashCode(PersistentSet.java:413) ~[hibernate-core-6.3.1.Final.jar:6.3.1.Final]
	at com.belleza.pos.entity.Articulo.hashCode(Articulo.java:23) ~[classes/:na]
	at com.belleza.pos.entity.ArticuloPrecio.hashCode(ArticuloPrecio.java:17) ~[classes/:na]
	at java.base/java.util.AbstractSet.hashCode(AbstractSet.java:124) ~[na:na]
	at org.hibernate.collection.spi.PersistentSet.hashCode(PersistentSet.java:413) ~[hibernate-core-6.3.1.Final.jar:6.3.1.Final]
	at com.belleza.pos.entity.Articulo.hashCode(Articulo.java:23) ~[classes/:na]
	at com.belleza.pos.entity.ArticuloPrecio.hashCode(ArticuloPrecio.java:17) ~[classes/:na]
	at java.base/java.util.AbstractSet.hashCode(AbstractSet.java:124) ~[na:na]
	at org.hibernate.collection.spi.PersistentSet.hashCode(PersistentSet.java:413) ~[hibernate-core-6.3.1.Final.jar:6.3.1.Final]
	at com.belleza.pos.entity.Articulo.hashCode(Articulo.java:23) ~[classes/:na]
	at com.belleza.pos.entity.ArticuloPrecio.hashCode(ArticuloPrecio.java:17) ~[classes/:na]
	at java.base/java.util.AbstractSet.hashCode(AbstractSet.java:124) ~[na:na]
	at org.hibernate.collection.spi.PersistentSet.hashCode(PersistentSet.java:413) ~[hibernate-core-6.3.1.Final.jar:6.3.1.Final]
	at com.belleza.pos.entity.Articulo.hashCode(Articulo.java:23) ~[classes/:na]
	at com.belleza.pos.entity.ArticuloPrecio.hashCode(ArticuloPrecio.java:17) ~[classes/:na]
	at java.base/java.util.AbstractSet.hashCode(AbstractSet.java:124) ~[na:na]
	at org.hibernate.collection.spi.PersistentSet.hashCode(PersistentSet.java:413) ~[hibernate-core-6.3.1.Final.jar:6.3.1.Final]
	at com.belleza.pos.entity.Articulo.hashCode(Articulo.java:23) ~[classes/:na]
	at com.belleza.pos.entity.ArticuloPrecio.hashCode(ArticuloPrecio.java:17) ~[classes/:na]
	at java.base/java.util.AbstractSet.hashCode(AbstractSet.java:124) ~[na:na]
	at org.hibernate.collection.spi.PersistentSet.hashCode(PersistentSet.java:413) ~[hibernate-core-6.3.1.Final.jar:6.3.1.Final]
	at com.belleza.pos.entity.Articulo.hashCode(Articulo.java:23) ~[classes/:na]
	at com.belleza.pos.entity.ArticuloPrecio.hashCode(ArticuloPrecio.java:17) ~[classes/:na]
	at java.base/java.util.AbstractSet.hashCode(AbstractSet.java:124) ~[na:na]
	at org.hibernate.collection.spi.PersistentSet.hashCode(PersistentSet.java:413) ~[hibernate-core-6.3.1.Final.jar:6.3.1.Final]
	at com.belleza.pos.entity.Articulo.hashCode(Articulo.java:23) ~[classes/:na]
	at com.belleza.pos.entity.ArticuloPrecio.hashCode(ArticuloPrecio.java:17) ~[classes/:na]
	at java.base/java.util.AbstractSet.hashCode(AbstractSet.java:124) ~[na:na]
	at org.hibernate.collection.spi.PersistentSet.hashCode(PersistentSet.java:413) ~[hibernate-core-6.3.1.Final.jar:6.3.1.Final]
	at com.belleza.pos.entity.Articulo.hashCode(Articulo.java:23) ~[classes/:na]
	at com.belleza.pos.entity.ArticuloPrecio.hashCode(ArticuloPrecio.java:17) ~[classes/:na]
	at java.base/java.util.AbstractSet.hashCode(AbstractSet.java:124) ~[na:na]
	at org.hibernate.collection.spi.PersistentSet.hashCode(PersistentSet.java:413) ~[hibernate-core-6.3.1.Final.jar:6.3.1.Final]
	at com.belleza.pos.entity.Articulo.hashCode(Articulo.java:23) ~[classes/:na]
	at com.belleza.pos.entity.ArticuloPrecio.hashCode(ArticuloPrecio.java:17) ~[classes/:na]
	at java.base/java.util.AbstractSet.hashCode(AbstractSet.java:124) ~[na:na]
	at org.hibernate.collection.spi.PersistentSet.hashCode(PersistentSet.java:413) ~[hibernate-core-6.3.1.Final.jar:6.3.1.Final]
	at com.belleza.pos.entity.Articulo.hashCode(Articulo.java:23) ~[classes/:na]
	at com.belleza.pos.entity.ArticuloPrecio.hashCode(ArticuloPrecio.java:17) ~[classes/:na]
	at java.base/java.util.AbstractSet.hashCode(AbstractSet.java:124) ~[na:na]
	at org.hibernate.collection.spi.PersistentSet.hashCode(PersistentSet.java:413) ~[hibernate-core-6.3.1.Final.jar:6.3.1.Final]
	at com.belleza.pos.entity.Articulo.hashCode(Articulo.java:23) ~[classes/:na]
	at com.belleza.pos.entity.ArticuloPrecio.hashCode(ArticuloPrecio.java:17) ~[classes/:na]
	at java.base/java.util.AbstractSet.hashCode(AbstractSet.java:124) ~[na:na]
	at org.hibernate.collection.spi.PersistentSet.hashCode(PersistentSet.java:413) ~[hibernate-core-6.3.1.Final.jar:6.3.1.Final]
	at com.belleza.pos.entity.Articulo.hashCode(Articulo.java:23) ~[classes/:na]
	at com.belleza.pos.entity.ArticuloPrecio.hashCode(ArticuloPrecio.java:17) ~[classes/:na]
	at java.base/java.util.AbstractSet.hashCode(AbstractSet.java:124) ~[na:na]
	at org.hibernate.collection.spi.PersistentSet.hashCode(PersistentSet.java:413) ~[hibernate-core-6.3.1.Final.jar:6.3.1.Final]
	at com.belleza.pos.entity.Articulo.hashCode(Articulo.java:23) ~[classes/:na]
	at com.belleza.pos.entity.ArticuloPrecio.hashCode(ArticuloPrecio.java:17) ~[classes/:na]
	at java.base/java.util.AbstractSet.hashCode(AbstractSet.java:124) ~[na:na]
	at org.hibernate.collection.spi.PersistentSet.hashCode(PersistentSet.java:413) ~[hibernate-core-6.3.1.Final.jar:6.3.1.Final]
	at com.belleza.pos.entity.Articulo.hashCode(Articulo.java:23) ~[classes/:na]
	at com.belleza.pos.entity.ArticuloPrecio.hashCode(ArticuloPrecio.java:17) ~[classes/:na]
	at java.base/java.util.AbstractSet.hashCode(AbstractSet.java:124) ~[na:na]
	at org.hibernate.collection.spi.PersistentSet.hashCode(PersistentSet.java:413) ~[hibernate-core-6.3.1.Final.jar:6.3.1.Final]
	at com.belleza.pos.entity.Articulo.hashCode(Articulo.java:23) ~[classes/:na]
	at com.belleza.pos.entity.ArticuloPrecio.hashCode(ArticuloPrecio.java:17) ~[classes/:na]
	at java.base/java.util.AbstractSet.hashCode(AbstractSet.java:124) ~[na:na]
	at org.hibernate.collection.spi.PersistentSet.hashCode(PersistentSet.java:413) ~[hibernate-core-6.3.1.Final.jar:6.3.1.Final]
	at com.belleza.pos.entity.Articulo.hashCode(Articulo.java:23) ~[classes/:na]
	at com.belleza.pos.entity.ArticuloPrecio.hashCode(ArticuloPrecio.java:17) ~[classes/:na]
	at java.base/java.util.AbstractSet.hashCode(AbstractSet.java:124) ~[na:na]
	at org.hibernate.collection.spi.PersistentSet.hashCode(PersistentSet.java:413) ~[hibernate-core-6.3.1.Final.jar:6.3.1.Final]
	at com.belleza.pos.entity.Articulo.hashCode(Articulo.java:23) ~[classes/:na]
	at com.belleza.pos.entity.ArticuloPrecio.hashCode(ArticuloPrecio.java:17) ~[classes/:na]
	at java.base/java.util.AbstractSet.hashCode(AbstractSet.java:124) ~[na:na]
	at org.hibernate.collection.spi.PersistentSet.hashCode(PersistentSet.java:413) ~[hibernate-core-6.3.1.Final.jar:6.3.1.Final]
	at com.belleza.pos.entity.Articulo.hashCode(Articulo.java:23) ~[classes/:na]
	at com.belleza.pos.entity.ArticuloPrecio.hashCode(ArticuloPrecio.java:17) ~[classes/:na]
	at java.base/java.util.AbstractSet.hashCode(AbstractSet.java:124) ~[na:na]
	at org.hibernate.collection.spi.PersistentSet.hashCode(PersistentSet.java:413) ~[hibernate-core-6.3.1.Final.jar:6.3.1.Final]
	at com.belleza.pos.entity.Articulo.hashCode(Articulo.java:23) ~[classes/:na]
	at com.belleza.pos.entity.ArticuloPrecio.hashCode(ArticuloPrecio.java:17) ~[classes/:na]
	at java.base/java.util.AbstractSet.hashCode(AbstractSet.java:124) ~[na:na]
	at org.hibernate.collection.spi.PersistentSet.hashCode(PersistentSet.java:413) ~[hibernate-core-6.3.1.Final.jar:6.3.1.Final]
	at com.belleza.pos.entity.Articulo.hashCode(Articulo.java:23) ~[classes/:na]
	at com.belleza.pos.entity.ArticuloPrecio.hashCode(ArticuloPrecio.java:17) ~[classes/:na]
	at java.base/java.util.AbstractSet.hashCode(AbstractSet.java:124) ~[na:na]
	at org.hibernate.collection.spi.PersistentSet.hashCode(PersistentSet.java:413) ~[hibernate-core-6.3.1.Final.jar:6.3.1.Final]
	at com.belleza.pos.entity.Articulo.hashCode(Articulo.java:23) ~[classes/:na]

2025-12-02T17:14:34.829-03:00  WARN 8000 --- [http-nio-8080-exec-5] .m.m.a.ExceptionHandlerExceptionResolver : Resolved [java.lang.RuntimeException: java.lang.StackOverflowError]
2025-12-02T17:14:43.795-03:00 DEBUG 8000 --- [http-nio-8080-exec-6] o.s.security.web.FilterChainProxy        : Securing POST /articulos/
2025-12-02T17:14:43.798-03:00 DEBUG 8000 --- [http-nio-8080-exec-6] org.hibernate.SQL                        : 
    select
        u1_0.id_usuario,
        u1_0.activo,
        u1_0.apellido,
        u1_0.email,
        u1_0.fecha_creacion,
        u1_0.fecha_modificacion,
        u1_0.nombre,
        u1_0.password_hash,
        u1_0.rol,
        u1_0.id_sucursal,
        u1_0.ultimo_login,
        u1_0.username 
    from
        usuarios u1_0 
    where
        u1_0.username=?
2025-12-02T17:14:43.800-03:00 DEBUG 8000 --- [http-nio-8080-exec-6] c.b.p.s.jwt.JwtAuthenticationFilter      : Usuario autenticado: Adminstrador
2025-12-02T17:14:43.804-03:00 DEBUG 8000 --- [http-nio-8080-exec-6] o.s.security.web.FilterChainProxy        : Secured POST /articulos/
2025-12-02T17:14:43.806-03:00 ERROR 8000 --- [http-nio-8080-exec-6] c.b.p.exception.GlobalExceptionHandler   : Error inesperado: 

org.springframework.web.servlet.resource.NoResourceFoundException: No static resource articulos.
	at org.springframework.web.servlet.resource.ResourceHttpRequestHandler.handleRequest(ResourceHttpRequestHandler.java:585) ~[spring-webmvc-6.1.1.jar:6.1.1]
	at org.springframework.web.servlet.mvc.HttpRequestHandlerAdapter.handle(HttpRequestHandlerAdapter.java:52) ~[spring-webmvc-6.1.1.jar:6.1.1]
	at org.springframework.web.servlet.DispatcherServlet.doDispatch(DispatcherServlet.java:1089) ~[spring-webmvc-6.1.1.jar:6.1.1]
	at org.springframework.web.servlet.DispatcherServlet.doService(DispatcherServlet.java:979) ~[spring-webmvc-6.1.1.jar:6.1.1]
	at org.springframework.web.servlet.FrameworkServlet.processRequest(FrameworkServlet.java:1014) ~[spring-webmvc-6.1.1.jar:6.1.1]
	at org.springframework.web.servlet.FrameworkServlet.doPost(FrameworkServlet.java:914) ~[spring-webmvc-6.1.1.jar:6.1.1]
	at jakarta.servlet.http.HttpServlet.service(HttpServlet.java:590) ~[tomcat-embed-core-10.1.16.jar:6.0]
	at org.springframework.web.servlet.FrameworkServlet.service(FrameworkServlet.java:885) ~[spring-webmvc-6.1.1.jar:6.1.1]
	at jakarta.servlet.http.HttpServlet.service(HttpServlet.java:658) ~[tomcat-embed-core-10.1.16.jar:6.0]
	at org.apache.catalina.core.ApplicationFilterChain.internalDoFilter(ApplicationFilterChain.java:205) ~[tomcat-embed-core-10.1.16.jar:10.1.16]
	at org.apache.catalina.core.ApplicationFilterChain.doFilter(ApplicationFilterChain.java:149) ~[tomcat-embed-core-10.1.16.jar:10.1.16]
	at org.apache.tomcat.websocket.server.WsFilter.doFilter(WsFilter.java:51) ~[tomcat-embed-websocket-10.1.16.jar:10.1.16]
	at org.apache.catalina.core.ApplicationFilterChain.internalDoFilter(ApplicationFilterChain.java:174) ~[tomcat-embed-core-10.1.16.jar:10.1.16]
	at org.apache.catalina.core.ApplicationFilterChain.doFilter(ApplicationFilterChain.java:149) ~[tomcat-embed-core-10.1.16.jar:10.1.16]
	at org.springframework.web.filter.OncePerRequestFilter.doFilter(OncePerRequestFilter.java:110) ~[spring-web-6.1.1.jar:6.1.1]
	at org.apache.catalina.core.ApplicationFilterChain.internalDoFilter(ApplicationFilterChain.java:174) ~[tomcat-embed-core-10.1.16.jar:10.1.16]
	at org.apache.catalina.core.ApplicationFilterChain.doFilter(ApplicationFilterChain.java:149) ~[tomcat-embed-core-10.1.16.jar:10.1.16]
	at org.springframework.security.web.FilterChainProxy.lambda$doFilterInternal$3(FilterChainProxy.java:231) ~[spring-security-web-6.2.0.jar:6.2.0]
	at org.springframework.security.web.FilterChainProxy$VirtualFilterChain.doFilter(FilterChainProxy.java:365) ~[spring-security-web-6.2.0.jar:6.2.0]
	at org.springframework.security.web.access.intercept.AuthorizationFilter.doFilter(AuthorizationFilter.java:100) ~[spring-security-web-6.2.0.jar:6.2.0]
	at org.springframework.security.web.FilterChainProxy$VirtualFilterChain.doFilter(FilterChainProxy.java:374) ~[spring-security-web-6.2.0.jar:6.2.0]
	at org.springframework.security.web.access.ExceptionTranslationFilter.doFilter(ExceptionTranslationFilter.java:126) ~[spring-security-web-6.2.0.jar:6.2.0]
	at org.springframework.security.web.access.ExceptionTranslationFilter.doFilter(ExceptionTranslationFilter.java:120) ~[spring-security-web-6.2.0.jar:6.2.0]
	at org.springframework.security.web.FilterChainProxy$VirtualFilterChain.doFilter(FilterChainProxy.java:374) ~[spring-security-web-6.2.0.jar:6.2.0]
	at org.springframework.security.web.session.SessionManagementFilter.doFilter(SessionManagementFilter.java:131) ~[spring-security-web-6.2.0.jar:6.2.0]
	at org.springframework.security.web.session.SessionManagementFilter.doFilter(SessionManagementFilter.java:85) ~[spring-security-web-6.2.0.jar:6.2.0]
	at org.springframework.security.web.FilterChainProxy$VirtualFilterChain.doFilter(FilterChainProxy.java:374) ~[spring-security-web-6.2.0.jar:6.2.0]
	at org.springframework.security.web.authentication.AnonymousAuthenticationFilter.doFilter(AnonymousAuthenticationFilter.java:100) ~[spring-security-web-6.2.0.jar:6.2.0]
	at org.springframework.security.web.FilterChainProxy$VirtualFilterChain.doFilter(FilterChainProxy.java:374) ~[spring-security-web-6.2.0.jar:6.2.0]
	at org.springframework.security.web.servletapi.SecurityContextHolderAwareRequestFilter.doFilter(SecurityContextHolderAwareRequestFilter.java:179) ~[spring-security-web-6.2.0.jar:6.2.0]
	at org.springframework.security.web.FilterChainProxy$VirtualFilterChain.doFilter(FilterChainProxy.java:374) ~[spring-security-web-6.2.0.jar:6.2.0]
	at org.springframework.security.web.savedrequest.RequestCacheAwareFilter.doFilter(RequestCacheAwareFilter.java:63) ~[spring-security-web-6.2.0.jar:6.2.0]
	at org.springframework.security.web.FilterChainProxy$VirtualFilterChain.doFilter(FilterChainProxy.java:374) ~[spring-security-web-6.2.0.jar:6.2.0]
	at com.belleza.pos.security.jwt.JwtAuthenticationFilter.doFilterInternal(JwtAuthenticationFilter.java:64) ~[classes/:na]
	at org.springframework.web.filter.OncePerRequestFilter.doFilter(OncePerRequestFilter.java:116) ~[spring-web-6.1.1.jar:6.1.1]
	at org.springframework.security.web.FilterChainProxy$VirtualFilterChain.doFilter(FilterChainProxy.java:374) ~[spring-security-web-6.2.0.jar:6.2.0]
	at org.springframework.security.web.authentication.logout.LogoutFilter.doFilter(LogoutFilter.java:107) ~[spring-security-web-6.2.0.jar:6.2.0]
	at org.springframework.security.web.authentication.logout.LogoutFilter.doFilter(LogoutFilter.java:93) ~[spring-security-web-6.2.0.jar:6.2.0]
	at org.springframework.security.web.FilterChainProxy$VirtualFilterChain.doFilter(FilterChainProxy.java:374) ~[spring-security-web-6.2.0.jar:6.2.0]
	at org.springframework.web.filter.CorsFilter.doFilterInternal(CorsFilter.java:91) ~[spring-web-6.1.1.jar:6.1.1]
	at org.springframework.web.filter.OncePerRequestFilter.doFilter(OncePerRequestFilter.java:116) ~[spring-web-6.1.1.jar:6.1.1]
	at org.springframework.security.web.FilterChainProxy$VirtualFilterChain.doFilter(FilterChainProxy.java:374) ~[spring-security-web-6.2.0.jar:6.2.0]
	at org.springframework.security.web.header.HeaderWriterFilter.doHeadersAfter(HeaderWriterFilter.java:90) ~[spring-security-web-6.2.0.jar:6.2.0]
	at org.springframework.security.web.header.HeaderWriterFilter.doFilterInternal(HeaderWriterFilter.java:75) ~[spring-security-web-6.2.0.jar:6.2.0]
	at org.springframework.web.filter.OncePerRequestFilter.doFilter(OncePerRequestFilter.java:116) ~[spring-web-6.1.1.jar:6.1.1]
	at org.springframework.security.web.FilterChainProxy$VirtualFilterChain.doFilter(FilterChainProxy.java:374) ~[spring-security-web-6.2.0.jar:6.2.0]
	at org.springframework.security.web.context.SecurityContextHolderFilter.doFilter(SecurityContextHolderFilter.java:82) ~[spring-security-web-6.2.0.jar:6.2.0]
	at org.springframework.security.web.context.SecurityContextHolderFilter.doFilter(SecurityContextHolderFilter.java:69) ~[spring-security-web-6.2.0.jar:6.2.0]
	at org.springframework.security.web.FilterChainProxy$VirtualFilterChain.doFilter(FilterChainProxy.java:374) ~[spring-security-web-6.2.0.jar:6.2.0]
	at org.springframework.security.web.context.request.async.WebAsyncManagerIntegrationFilter.doFilterInternal(WebAsyncManagerIntegrationFilter.java:62) ~[spring-security-web-6.2.0.jar:6.2.0]
	at org.springframework.web.filter.OncePerRequestFilter.doFilter(OncePerRequestFilter.java:116) ~[spring-web-6.1.1.jar:6.1.1]
	at org.springframework.security.web.FilterChainProxy$VirtualFilterChain.doFilter(FilterChainProxy.java:374) ~[spring-security-web-6.2.0.jar:6.2.0]
	at org.springframework.security.web.session.DisableEncodeUrlFilter.doFilterInternal(DisableEncodeUrlFilter.java:42) ~[spring-security-web-6.2.0.jar:6.2.0]
	at org.springframework.web.filter.OncePerRequestFilter.doFilter(OncePerRequestFilter.java:116) ~[spring-web-6.1.1.jar:6.1.1]
	at org.springframework.security.web.FilterChainProxy$VirtualFilterChain.doFilter(FilterChainProxy.java:374) ~[spring-security-web-6.2.0.jar:6.2.0]
	at org.springframework.security.web.FilterChainProxy.doFilterInternal(FilterChainProxy.java:233) ~[spring-security-web-6.2.0.jar:6.2.0]
	at org.springframework.security.web.FilterChainProxy.doFilter(FilterChainProxy.java:191) ~[spring-security-web-6.2.0.jar:6.2.0]
	at org.springframework.web.filter.DelegatingFilterProxy.invokeDelegate(DelegatingFilterProxy.java:352) ~[spring-web-6.1.1.jar:6.1.1]
	at org.springframework.web.filter.DelegatingFilterProxy.doFilter(DelegatingFilterProxy.java:268) ~[spring-web-6.1.1.jar:6.1.1]
	at org.apache.catalina.core.ApplicationFilterChain.internalDoFilter(ApplicationFilterChain.java:174) ~[tomcat-embed-core-10.1.16.jar:10.1.16]
	at org.apache.catalina.core.ApplicationFilterChain.doFilter(ApplicationFilterChain.java:149) ~[tomcat-embed-core-10.1.16.jar:10.1.16]
	at org.springframework.web.filter.RequestContextFilter.doFilterInternal(RequestContextFilter.java:100) ~[spring-web-6.1.1.jar:6.1.1]
	at org.springframework.web.filter.OncePerRequestFilter.doFilter(OncePerRequestFilter.java:116) ~[spring-web-6.1.1.jar:6.1.1]
	at org.apache.catalina.core.ApplicationFilterChain.internalDoFilter(ApplicationFilterChain.java:174) ~[tomcat-embed-core-10.1.16.jar:10.1.16]
	at org.apache.catalina.core.ApplicationFilterChain.doFilter(ApplicationFilterChain.java:149) ~[tomcat-embed-core-10.1.16.jar:10.1.16]
	at org.springframework.web.filter.FormContentFilter.doFilterInternal(FormContentFilter.java:93) ~[spring-web-6.1.1.jar:6.1.1]
	at org.springframework.web.filter.OncePerRequestFilter.doFilter(OncePerRequestFilter.java:116) ~[spring-web-6.1.1.jar:6.1.1]
	at org.apache.catalina.core.ApplicationFilterChain.internalDoFilter(ApplicationFilterChain.java:174) ~[tomcat-embed-core-10.1.16.jar:10.1.16]
	at org.apache.catalina.core.ApplicationFilterChain.doFilter(ApplicationFilterChain.java:149) ~[tomcat-embed-core-10.1.16.jar:10.1.16]
	at org.springframework.web.filter.CharacterEncodingFilter.doFilterInternal(CharacterEncodingFilter.java:201) ~[spring-web-6.1.1.jar:6.1.1]
	at org.springframework.web.filter.OncePerRequestFilter.doFilter(OncePerRequestFilter.java:116) ~[spring-web-6.1.1.jar:6.1.1]
	at org.apache.catalina.core.ApplicationFilterChain.internalDoFilter(ApplicationFilterChain.java:174) ~[tomcat-embed-core-10.1.16.jar:10.1.16]
	at org.apache.catalina.core.ApplicationFilterChain.doFilter(ApplicationFilterChain.java:149) ~[tomcat-embed-core-10.1.16.jar:10.1.16]
	at org.apache.catalina.core.StandardWrapperValve.invoke(StandardWrapperValve.java:167) ~[tomcat-embed-core-10.1.16.jar:10.1.16]
	at org.apache.catalina.core.StandardContextValve.invoke(StandardContextValve.java:90) ~[tomcat-embed-core-10.1.16.jar:10.1.16]
	at org.apache.catalina.authenticator.AuthenticatorBase.invoke(AuthenticatorBase.java:482) ~[tomcat-embed-core-10.1.16.jar:10.1.16]
	at org.apache.catalina.core.StandardHostValve.invoke(StandardHostValve.java:115) ~[tomcat-embed-core-10.1.16.jar:10.1.16]
	at org.apache.catalina.valves.ErrorReportValve.invoke(ErrorReportValve.java:93) ~[tomcat-embed-core-10.1.16.jar:10.1.16]
	at org.apache.catalina.core.StandardEngineValve.invoke(StandardEngineValve.java:74) ~[tomcat-embed-core-10.1.16.jar:10.1.16]
	at org.apache.catalina.connector.CoyoteAdapter.service(CoyoteAdapter.java:340) ~[tomcat-embed-core-10.1.16.jar:10.1.16]
	at org.apache.coyote.http11.Http11Processor.service(Http11Processor.java:391) ~[tomcat-embed-core-10.1.16.jar:10.1.16]
	at org.apache.coyote.AbstractProcessorLight.process(AbstractProcessorLight.java:63) ~[tomcat-embed-core-10.1.16.jar:10.1.16]
	at org.apache.coyote.AbstractProtocol$ConnectionHandler.process(AbstractProtocol.java:896) ~[tomcat-embed-core-10.1.16.jar:10.1.16]
	at org.apache.tomcat.util.net.NioEndpoint$SocketProcessor.doRun(NioEndpoint.java:1744) ~[tomcat-embed-core-10.1.16.jar:10.1.16]
	at org.apache.tomcat.util.net.SocketProcessorBase.run(SocketProcessorBase.java:52) ~[tomcat-embed-core-10.1.16.jar:10.1.16]
	at org.apache.tomcat.util.threads.ThreadPoolExecutor.runWorker(ThreadPoolExecutor.java:1191) ~[tomcat-embed-core-10.1.16.jar:10.1.16]
	at org.apache.tomcat.util.threads.ThreadPoolExecutor$Worker.run(ThreadPoolExecutor.java:659) ~[tomcat-embed-core-10.1.16.jar:10.1.16]
	at org.apache.tomcat.util.threads.TaskThread$WrappingRunnable.run(TaskThread.java:61) ~[tomcat-embed-core-10.1.16.jar:10.1.16]
	at java.base/java.lang.Thread.run(Thread.java:1583) ~[na:na]

2025-12-02T17:14:43.807-03:00  WARN 8000 --- [http-nio-8080-exec-6] .m.m.a.ExceptionHandlerExceptionResolver : Resolved [org.springframework.web.servlet.resource.NoResourceFoundException: No static resource articulos.]
2025-12-02T17:16:50.151-03:00  INFO 8000 --- [SpringApplicationShutdownHook] j.LocalContainerEntityManagerFactoryBean : Closing JPA EntityManagerFactory for persistence unit 'default'
2025-12-02T17:16:50.153-03:00  INFO 8000 --- [SpringApplicationShutdownHook] com.zaxxer.hikari.HikariDataSource       : HikariPool-1 - Shutdown initiated...
2025-12-02T17:16:50.153-03:00  INFO 8000 --- [SpringApplicationShutdownHook] com.zaxxer.hikari.HikariDataSource       : HikariPool-1 - Shutdown completed.
2025-12-02T17:16:55.406-03:00  INFO 28104 --- [restartedMain] com.belleza.pos.PosApiApplication        : Starting PosApiApplication using Java 21.0.5 with PID 28104 (C:\Proyectos\POS_beauty\beauty_pos_api_rest\target\classes started by crist in C:\Proyectos\POS_beauty\beauty_pos_api_rest)
2025-12-02T17:16:55.407-03:00 DEBUG 28104 --- [restartedMain] com.belleza.pos.PosApiApplication        : Running with Spring Boot v3.2.0, Spring v6.1.1
2025-12-02T17:16:55.407-03:00  INFO 28104 --- [restartedMain] com.belleza.pos.PosApiApplication        : No active profile set, falling back to 1 default profile: "default"
2025-12-02T17:16:55.441-03:00  INFO 28104 --- [restartedMain] .e.DevToolsPropertyDefaultsPostProcessor : Devtools property defaults active! Set 'spring.devtools.add-properties' to 'false' to disable
2025-12-02T17:16:55.441-03:00  INFO 28104 --- [restartedMain] .e.DevToolsPropertyDefaultsPostProcessor : For additional web related logging consider setting the 'logging.level.web' property to 'DEBUG'
2025-12-02T17:16:56.153-03:00  INFO 28104 --- [restartedMain] .s.d.r.c.RepositoryConfigurationDelegate : Bootstrapping Spring Data JPA repositories in DEFAULT mode.
2025-12-02T17:16:56.240-03:00  INFO 28104 --- [restartedMain] .s.d.r.c.RepositoryConfigurationDelegate : Finished Spring Data repository scanning in 78 ms. Found 20 JPA repository interfaces.
2025-12-02T17:16:56.972-03:00  INFO 28104 --- [restartedMain] o.s.b.w.embedded.tomcat.TomcatWebServer  : Tomcat initialized with port 8080 (http)
2025-12-02T17:16:56.989-03:00  INFO 28104 --- [restartedMain] o.apache.catalina.core.StandardService   : Starting service [Tomcat]
2025-12-02T17:16:56.989-03:00  INFO 28104 --- [restartedMain] o.apache.catalina.core.StandardEngine    : Starting Servlet engine: [Apache Tomcat/10.1.16]
2025-12-02T17:16:57.030-03:00  INFO 28104 --- [restartedMain] o.a.c.c.C.[Tomcat].[localhost].[/api]    : Initializing Spring embedded WebApplicationContext
2025-12-02T17:16:57.030-03:00  INFO 28104 --- [restartedMain] w.s.c.ServletWebServerApplicationContext : Root WebApplicationContext: initialization completed in 1589 ms
2025-12-02T17:16:57.222-03:00  INFO 28104 --- [restartedMain] o.hibernate.jpa.internal.util.LogHelper  : HHH000204: Processing PersistenceUnitInfo [name: default]
2025-12-02T17:16:57.289-03:00  INFO 28104 --- [restartedMain] org.hibernate.Version                    : HHH000412: Hibernate ORM core version 6.3.1.Final
2025-12-02T17:16:57.308-03:00  INFO 28104 --- [restartedMain] o.h.c.internal.RegionFactoryInitiator    : HHH000026: Second-level cache disabled
2025-12-02T17:16:57.489-03:00  INFO 28104 --- [restartedMain] o.s.o.j.p.SpringPersistenceUnitInfo      : No LoadTimeWeaver setup: ignoring JPA class transformer
2025-12-02T17:16:57.503-03:00  INFO 28104 --- [restartedMain] com.zaxxer.hikari.HikariDataSource       : HikariPool-1 - Starting...
2025-12-02T17:16:57.592-03:00  INFO 28104 --- [restartedMain] com.zaxxer.hikari.pool.HikariPool        : HikariPool-1 - Added connection com.mysql.cj.jdbc.ConnectionImpl@c80d429
2025-12-02T17:16:57.593-03:00  INFO 28104 --- [restartedMain] com.zaxxer.hikari.HikariDataSource       : HikariPool-1 - Start completed.
2025-12-02T17:16:57.617-03:00  WARN 28104 --- [restartedMain] org.hibernate.orm.deprecation            : HHH90000025: MySQLDialect does not need to be specified explicitly using 'hibernate.dialect' (remove the property setting and it will be selected by default)
2025-12-02T17:16:58.340-03:00  INFO 28104 --- [restartedMain] o.h.e.t.j.p.i.JtaPlatformInitiator       : HHH000489: No JTA platform available (set 'hibernate.transaction.jta.platform' to enable JTA platform integration)
2025-12-02T17:16:58.341-03:00  INFO 28104 --- [restartedMain] j.LocalContainerEntityManagerFactoryBean : Initialized JPA EntityManagerFactory for persistence unit 'default'
2025-12-02T17:16:58.588-03:00  INFO 28104 --- [restartedMain] o.s.d.j.r.query.QueryEnhancerFactory     : Hibernate is in classpath; If applicable, HQL parser will be used.
2025-12-02T17:16:58.918-03:00 DEBUG 28104 --- [restartedMain] c.b.p.s.jwt.JwtAuthenticationFilter      : Filter 'jwtAuthenticationFilter' configured for use
2025-12-02T17:17:00.274-03:00  INFO 28104 --- [restartedMain] o.s.s.web.DefaultSecurityFilterChain     : Will secure any request with [org.springframework.security.web.session.DisableEncodeUrlFilter@1cc7bf7c, org.springframework.security.web.context.request.async.WebAsyncManagerIntegrationFilter@4ad5d2a7, org.springframework.security.web.context.SecurityContextHolderFilter@7cb06adc, org.springframework.security.web.header.HeaderWriterFilter@7ad2101f, org.springframework.web.filter.CorsFilter@18c072cb, org.springframework.security.web.authentication.logout.LogoutFilter@5fed5912, com.belleza.pos.security.jwt.JwtAuthenticationFilter@1b9cbd27, org.springframework.security.web.savedrequest.RequestCacheAwareFilter@14f11bcb, org.springframework.security.web.servletapi.SecurityContextHolderAwareRequestFilter@554ad1ff, org.springframework.security.web.authentication.AnonymousAuthenticationFilter@639cff77, org.springframework.security.web.session.SessionManagementFilter@1e5f45dc, org.springframework.security.web.access.ExceptionTranslationFilter@24b7f336, org.springframework.security.web.access.intercept.AuthorizationFilter@69d7f279]
2025-12-02T17:17:00.488-03:00  INFO 28104 --- [restartedMain] o.s.b.d.a.OptionalLiveReloadServer       : LiveReload server is running on port 35729
2025-12-02T17:17:00.507-03:00  INFO 28104 --- [restartedMain] o.s.b.w.embedded.tomcat.TomcatWebServer  : Tomcat started on port 8080 (http) with context path '/api'
2025-12-02T17:17:00.512-03:00  INFO 28104 --- [restartedMain] com.belleza.pos.PosApiApplication        : Started PosApiApplication in 5.365 seconds (process running for 5.651)
2025-12-02T17:17:26.423-03:00  INFO 28104 --- [http-nio-8080-exec-2] o.a.c.c.C.[Tomcat].[localhost].[/api]    : Initializing Spring DispatcherServlet 'dispatcherServlet'
2025-12-02T17:17:26.423-03:00  INFO 28104 --- [http-nio-8080-exec-2] o.s.web.servlet.DispatcherServlet        : Initializing Servlet 'dispatcherServlet'
2025-12-02T17:17:26.424-03:00  INFO 28104 --- [http-nio-8080-exec-2] o.s.web.servlet.DispatcherServlet        : Completed initialization in 1 ms
2025-12-02T17:17:26.428-03:00 DEBUG 28104 --- [http-nio-8080-exec-2] o.s.security.web.FilterChainProxy        : Securing POST /articulos
2025-12-02T17:17:26.571-03:00 DEBUG 28104 --- [http-nio-8080-exec-2] org.hibernate.SQL                        : 
    select
        u1_0.id_usuario,
        u1_0.activo,
        u1_0.apellido,
        u1_0.email,
        u1_0.fecha_creacion,
        u1_0.fecha_modificacion,
        u1_0.nombre,
        u1_0.password_hash,
        u1_0.rol,
        u1_0.id_sucursal,
        u1_0.ultimo_login,
        u1_0.username 
    from
        usuarios u1_0 
    where
        u1_0.username=?
2025-12-02T17:17:26.586-03:00 DEBUG 28104 --- [http-nio-8080-exec-2] c.b.p.s.jwt.JwtAuthenticationFilter      : Usuario autenticado: Adminstrador
2025-12-02T17:17:26.587-03:00  WARN 28104 --- [http-nio-8080-exec-2] o.s.w.s.h.HandlerMappingIntrospector     : Cache miss for REQUEST dispatch to '/api/articulos' (previous null). Performing MatchableHandlerMapping lookup. This is logged once only at WARN level, and every time at TRACE.
2025-12-02T17:17:26.593-03:00 DEBUG 28104 --- [http-nio-8080-exec-2] o.s.security.web.FilterChainProxy        : Secured POST /articulos
2025-12-02T17:17:26.685-03:00 DEBUG 28104 --- [http-nio-8080-exec-2] horizationManagerBeforeMethodInterceptor : Authorizing method invocation ReflectiveMethodInvocation: public org.springframework.http.ResponseEntity com.belleza.pos.controller.ArticuloController.create(com.belleza.pos.dto.request.CreateArticuloRequest); target is of class [com.belleza.pos.controller.ArticuloController]
2025-12-02T17:17:26.692-03:00 DEBUG 28104 --- [http-nio-8080-exec-2] horizationManagerBeforeMethodInterceptor : Authorized method invocation ReflectiveMethodInvocation: public org.springframework.http.ResponseEntity com.belleza.pos.controller.ArticuloController.create(com.belleza.pos.dto.request.CreateArticuloRequest); target is of class [com.belleza.pos.controller.ArticuloController]
2025-12-02T17:17:26.692-03:00  INFO 28104 --- [http-nio-8080-exec-2] c.b.p.service.impl.ArticuloServiceImpl   : Creando artículo con código: 1234567890123
2025-12-02T17:17:26.694-03:00 DEBUG 28104 --- [http-nio-8080-exec-2] org.hibernate.SQL                        : 
    select
        a1_0.id_articulo 
    from
        articulos a1_0 
    where
        a1_0.codigo_barras=? 
    limit
        ?
2025-12-02T17:17:26.702-03:00 DEBUG 28104 --- [http-nio-8080-exec-2] org.hibernate.SQL                        : 
    select
        r1_0.id_rubro,
        r1_0.activo,
        r1_0.descripcion,
        r1_0.fecha_creacion,
        r1_0.fecha_modificacion,
        r1_0.iva_porcentaje,
        r1_0.nombre 
    from
        rubros r1_0 
    where
        r1_0.id_rubro=?
2025-12-02T17:17:26.738-03:00 DEBUG 28104 --- [http-nio-8080-exec-2] org.hibernate.SQL                        : 
    insert 
    into
        articulos
        (activo, codigo_barras, descripcion, en_oferta, fecha_creacion, fecha_modificacion, fecha_vencimiento, imagen_url, publicar_en_web, id_rubro, stock_actual, stock_maximo, stock_minimo, unidad_venta, usa_control_stock) 
    values
        (?, ?, ?, ?, ?, ?, ?, ?, ?, ?, ?, ?, ?, ?, ?)
2025-12-02T17:17:26.749-03:00 DEBUG 28104 --- [http-nio-8080-exec-2] org.hibernate.SQL                        : 
    select
        lp1_0.id_lista,
        lp1_0.activo,
        lp1_0.descripcion,
        lp1_0.es_predeterminada,
        lp1_0.fecha_creacion,
        lp1_0.fecha_modificacion,
        lp1_0.nombre 
    from
        listas_precios lp1_0 
    where
        lp1_0.id_lista=?
2025-12-02T17:17:26.754-03:00 DEBUG 28104 --- [http-nio-8080-exec-2] org.hibernate.SQL                        : 
    insert 
    into
        articulos_precios
        (id_articulo, fecha_ultima_actualizacion, id_lista, porcentaje_utilidad, precio_costo, precio_venta) 
    values
        (?, ?, ?, ?, ?, ?)
2025-12-02T17:17:26.765-03:00 ERROR 28104 --- [http-nio-8080-exec-2] c.b.p.exception.GlobalExceptionHandler   : Error inesperado: 

java.lang.RuntimeException: java.lang.StackOverflowError
	at org.springframework.data.repository.core.support.RepositoryMethodInvoker$RepositoryFragmentMethodInvoker.lambda$new$0(RepositoryMethodInvoker.java:281) ~[spring-data-commons-3.2.0.jar:3.2.0]
	at org.springframework.data.repository.core.support.RepositoryMethodInvoker.doInvoke(RepositoryMethodInvoker.java:170) ~[spring-data-commons-3.2.0.jar:3.2.0]
	at org.springframework.data.repository.core.support.RepositoryMethodInvoker.invoke(RepositoryMethodInvoker.java:158) ~[spring-data-commons-3.2.0.jar:3.2.0]
	at org.springframework.data.repository.core.support.RepositoryComposition$RepositoryFragments.invoke(RepositoryComposition.java:516) ~[spring-data-commons-3.2.0.jar:3.2.0]
	at org.springframework.data.repository.core.support.RepositoryComposition.invoke(RepositoryComposition.java:285) ~[spring-data-commons-3.2.0.jar:3.2.0]
	at org.springframework.data.repository.core.support.RepositoryFactorySupport$ImplementationMethodExecutionInterceptor.invoke(RepositoryFactorySupport.java:628) ~[spring-data-commons-3.2.0.jar:3.2.0]
	at org.springframework.aop.framework.ReflectiveMethodInvocation.proceed(ReflectiveMethodInvocation.java:184) ~[spring-aop-6.1.1.jar:6.1.1]
	at org.springframework.data.repository.core.support.QueryExecutorMethodInterceptor.doInvoke(QueryExecutorMethodInterceptor.java:168) ~[spring-data-commons-3.2.0.jar:3.2.0]
	at org.springframework.data.repository.core.support.QueryExecutorMethodInterceptor.invoke(QueryExecutorMethodInterceptor.java:143) ~[spring-data-commons-3.2.0.jar:3.2.0]
	at org.springframework.aop.framework.ReflectiveMethodInvocation.proceed(ReflectiveMethodInvocation.java:184) ~[spring-aop-6.1.1.jar:6.1.1]
	at org.springframework.data.projection.DefaultMethodInvokingMethodInterceptor.invoke(DefaultMethodInvokingMethodInterceptor.java:70) ~[spring-data-commons-3.2.0.jar:3.2.0]
	at org.springframework.aop.framework.ReflectiveMethodInvocation.proceed(ReflectiveMethodInvocation.java:184) ~[spring-aop-6.1.1.jar:6.1.1]
	at org.springframework.transaction.interceptor.TransactionInterceptor$1.proceedWithInvocation(TransactionInterceptor.java:123) ~[spring-tx-6.1.1.jar:6.1.1]
	at org.springframework.transaction.interceptor.TransactionAspectSupport.invokeWithinTransaction(TransactionAspectSupport.java:385) ~[spring-tx-6.1.1.jar:6.1.1]
	at org.springframework.transaction.interceptor.TransactionInterceptor.invoke(TransactionInterceptor.java:119) ~[spring-tx-6.1.1.jar:6.1.1]
	at org.springframework.aop.framework.ReflectiveMethodInvocation.proceed(ReflectiveMethodInvocation.java:184) ~[spring-aop-6.1.1.jar:6.1.1]
	at org.springframework.dao.support.PersistenceExceptionTranslationInterceptor.invoke(PersistenceExceptionTranslationInterceptor.java:137) ~[spring-tx-6.1.1.jar:6.1.1]
	at org.springframework.aop.framework.ReflectiveMethodInvocation.proceed(ReflectiveMethodInvocation.java:184) ~[spring-aop-6.1.1.jar:6.1.1]
	at org.springframework.data.jpa.repository.support.CrudMethodMetadataPostProcessor$CrudMethodMetadataPopulatingMethodInterceptor.invoke(CrudMethodMetadataPostProcessor.java:164) ~[spring-data-jpa-3.2.0.jar:3.2.0]
	at org.springframework.aop.framework.ReflectiveMethodInvocation.proceed(ReflectiveMethodInvocation.java:184) ~[spring-aop-6.1.1.jar:6.1.1]
	at org.springframework.aop.interceptor.ExposeInvocationInterceptor.invoke(ExposeInvocationInterceptor.java:97) ~[spring-aop-6.1.1.jar:6.1.1]
	at org.springframework.aop.framework.ReflectiveMethodInvocation.proceed(ReflectiveMethodInvocation.java:184) ~[spring-aop-6.1.1.jar:6.1.1]
	at org.springframework.aop.framework.JdkDynamicAopProxy.invoke(JdkDynamicAopProxy.java:249) ~[spring-aop-6.1.1.jar:6.1.1]
	at jdk.proxy4/jdk.proxy4.$Proxy168.save(Unknown Source) ~[na:na]
	at com.belleza.pos.service.impl.ArticuloServiceImpl.create(ArticuloServiceImpl.java:85) ~[classes/:na]
	at java.base/jdk.internal.reflect.DirectMethodHandleAccessor.invoke(DirectMethodHandleAccessor.java:103) ~[na:na]
	at java.base/java.lang.reflect.Method.invoke(Method.java:580) ~[na:na]
	at org.springframework.aop.support.AopUtils.invokeJoinpointUsingReflection(AopUtils.java:352) ~[spring-aop-6.1.1.jar:6.1.1]
	at org.springframework.aop.framework.ReflectiveMethodInvocation.invokeJoinpoint(ReflectiveMethodInvocation.java:196) ~[spring-aop-6.1.1.jar:6.1.1]
	at org.springframework.aop.framework.ReflectiveMethodInvocation.proceed(ReflectiveMethodInvocation.java:163) ~[spring-aop-6.1.1.jar:6.1.1]
	at org.springframework.aop.framework.CglibAopProxy$CglibMethodInvocation.proceed(CglibAopProxy.java:765) ~[spring-aop-6.1.1.jar:6.1.1]
	at org.springframework.transaction.interceptor.TransactionInterceptor$1.proceedWithInvocation(TransactionInterceptor.java:123) ~[spring-tx-6.1.1.jar:6.1.1]
	at org.springframework.transaction.interceptor.TransactionAspectSupport.invokeWithinTransaction(TransactionAspectSupport.java:385) ~[spring-tx-6.1.1.jar:6.1.1]
	at org.springframework.transaction.interceptor.TransactionInterceptor.invoke(TransactionInterceptor.java:119) ~[spring-tx-6.1.1.jar:6.1.1]
	at org.springframework.aop.framework.ReflectiveMethodInvocation.proceed(ReflectiveMethodInvocation.java:184) ~[spring-aop-6.1.1.jar:6.1.1]
	at org.springframework.aop.framework.CglibAopProxy$CglibMethodInvocation.proceed(CglibAopProxy.java:765) ~[spring-aop-6.1.1.jar:6.1.1]
	at org.springframework.aop.framework.CglibAopProxy$DynamicAdvisedInterceptor.intercept(CglibAopProxy.java:717) ~[spring-aop-6.1.1.jar:6.1.1]
	at com.belleza.pos.service.impl.ArticuloServiceImpl$$SpringCGLIB$$0.create(<generated>) ~[classes/:na]
	at com.belleza.pos.controller.ArticuloController.create(ArticuloController.java:45) ~[classes/:na]
	at java.base/jdk.internal.reflect.DirectMethodHandleAccessor.invoke(DirectMethodHandleAccessor.java:103) ~[na:na]
	at java.base/java.lang.reflect.Method.invoke(Method.java:580) ~[na:na]
	at org.springframework.aop.support.AopUtils.invokeJoinpointUsingReflection(AopUtils.java:352) ~[spring-aop-6.1.1.jar:6.1.1]
	at org.springframework.aop.framework.ReflectiveMethodInvocation.invokeJoinpoint(ReflectiveMethodInvocation.java:196) ~[spring-aop-6.1.1.jar:6.1.1]
	at org.springframework.aop.framework.ReflectiveMethodInvocation.proceed(ReflectiveMethodInvocation.java:163) ~[spring-aop-6.1.1.jar:6.1.1]
	at org.springframework.aop.framework.CglibAopProxy$CglibMethodInvocation.proceed(CglibAopProxy.java:765) ~[spring-aop-6.1.1.jar:6.1.1]
	at org.springframework.security.authorization.method.AuthorizationManagerBeforeMethodInterceptor.invoke(AuthorizationManagerBeforeMethodInterceptor.java:198) ~[spring-security-core-6.2.0.jar:6.2.0]
	at org.springframework.aop.framework.ReflectiveMethodInvocation.proceed(ReflectiveMethodInvocation.java:184) ~[spring-aop-6.1.1.jar:6.1.1]
	at org.springframework.aop.framework.CglibAopProxy$CglibMethodInvocation.proceed(CglibAopProxy.java:765) ~[spring-aop-6.1.1.jar:6.1.1]
	at org.springframework.aop.framework.CglibAopProxy$DynamicAdvisedInterceptor.intercept(CglibAopProxy.java:717) ~[spring-aop-6.1.1.jar:6.1.1]
	at com.belleza.pos.controller.ArticuloController$$SpringCGLIB$$0.create(<generated>) ~[classes/:na]
	at java.base/jdk.internal.reflect.DirectMethodHandleAccessor.invoke(DirectMethodHandleAccessor.java:103) ~[na:na]
	at java.base/java.lang.reflect.Method.invoke(Method.java:580) ~[na:na]
	at org.springframework.web.method.support.InvocableHandlerMethod.doInvoke(InvocableHandlerMethod.java:254) ~[spring-web-6.1.1.jar:6.1.1]
	at org.springframework.web.method.support.InvocableHandlerMethod.invokeForRequest(InvocableHandlerMethod.java:182) ~[spring-web-6.1.1.jar:6.1.1]
	at org.springframework.web.servlet.mvc.method.annotation.ServletInvocableHandlerMethod.invokeAndHandle(ServletInvocableHandlerMethod.java:118) ~[spring-webmvc-6.1.1.jar:6.1.1]
	at org.springframework.web.servlet.mvc.method.annotation.RequestMappingHandlerAdapter.invokeHandlerMethod(RequestMappingHandlerAdapter.java:917) ~[spring-webmvc-6.1.1.jar:6.1.1]
	at org.springframework.web.servlet.mvc.method.annotation.RequestMappingHandlerAdapter.handleInternal(RequestMappingHandlerAdapter.java:829) ~[spring-webmvc-6.1.1.jar:6.1.1]
	at org.springframework.web.servlet.mvc.method.AbstractHandlerMethodAdapter.handle(AbstractHandlerMethodAdapter.java:87) ~[spring-webmvc-6.1.1.jar:6.1.1]
	at org.springframework.web.servlet.DispatcherServlet.doDispatch(DispatcherServlet.java:1089) ~[spring-webmvc-6.1.1.jar:6.1.1]
	at org.springframework.web.servlet.DispatcherServlet.doService(DispatcherServlet.java:979) ~[spring-webmvc-6.1.1.jar:6.1.1]
	at org.springframework.web.servlet.FrameworkServlet.processRequest(FrameworkServlet.java:1014) ~[spring-webmvc-6.1.1.jar:6.1.1]
	at org.springframework.web.servlet.FrameworkServlet.doPost(FrameworkServlet.java:914) ~[spring-webmvc-6.1.1.jar:6.1.1]
	at jakarta.servlet.http.HttpServlet.service(HttpServlet.java:590) ~[tomcat-embed-core-10.1.16.jar:6.0]
	at org.springframework.web.servlet.FrameworkServlet.service(FrameworkServlet.java:885) ~[spring-webmvc-6.1.1.jar:6.1.1]
	at jakarta.servlet.http.HttpServlet.service(HttpServlet.java:658) ~[tomcat-embed-core-10.1.16.jar:6.0]
	at org.apache.catalina.core.ApplicationFilterChain.internalDoFilter(ApplicationFilterChain.java:205) ~[tomcat-embed-core-10.1.16.jar:10.1.16]
	at org.apache.catalina.core.ApplicationFilterChain.doFilter(ApplicationFilterChain.java:149) ~[tomcat-embed-core-10.1.16.jar:10.1.16]
	at org.apache.tomcat.websocket.server.WsFilter.doFilter(WsFilter.java:51) ~[tomcat-embed-websocket-10.1.16.jar:10.1.16]
	at org.apache.catalina.core.ApplicationFilterChain.internalDoFilter(ApplicationFilterChain.java:174) ~[tomcat-embed-core-10.1.16.jar:10.1.16]
	at org.apache.catalina.core.ApplicationFilterChain.doFilter(ApplicationFilterChain.java:149) ~[tomcat-embed-core-10.1.16.jar:10.1.16]
	at org.springframework.web.filter.OncePerRequestFilter.doFilter(OncePerRequestFilter.java:110) ~[spring-web-6.1.1.jar:6.1.1]
	at org.apache.catalina.core.ApplicationFilterChain.internalDoFilter(ApplicationFilterChain.java:174) ~[tomcat-embed-core-10.1.16.jar:10.1.16]
	at org.apache.catalina.core.ApplicationFilterChain.doFilter(ApplicationFilterChain.java:149) ~[tomcat-embed-core-10.1.16.jar:10.1.16]
	at org.springframework.security.web.FilterChainProxy.lambda$doFilterInternal$3(FilterChainProxy.java:231) ~[spring-security-web-6.2.0.jar:6.2.0]
	at org.springframework.security.web.FilterChainProxy$VirtualFilterChain.doFilter(FilterChainProxy.java:365) ~[spring-security-web-6.2.0.jar:6.2.0]
	at org.springframework.security.web.access.intercept.AuthorizationFilter.doFilter(AuthorizationFilter.java:100) ~[spring-security-web-6.2.0.jar:6.2.0]
	at org.springframework.security.web.FilterChainProxy$VirtualFilterChain.doFilter(FilterChainProxy.java:374) ~[spring-security-web-6.2.0.jar:6.2.0]
	at org.springframework.security.web.access.ExceptionTranslationFilter.doFilter(ExceptionTranslationFilter.java:126) ~[spring-security-web-6.2.0.jar:6.2.0]
	at org.springframework.security.web.access.ExceptionTranslationFilter.doFilter(ExceptionTranslationFilter.java:120) ~[spring-security-web-6.2.0.jar:6.2.0]
	at org.springframework.security.web.FilterChainProxy$VirtualFilterChain.doFilter(FilterChainProxy.java:374) ~[spring-security-web-6.2.0.jar:6.2.0]
	at org.springframework.security.web.session.SessionManagementFilter.doFilter(SessionManagementFilter.java:131) ~[spring-security-web-6.2.0.jar:6.2.0]
	at org.springframework.security.web.session.SessionManagementFilter.doFilter(SessionManagementFilter.java:85) ~[spring-security-web-6.2.0.jar:6.2.0]
	at org.springframework.security.web.FilterChainProxy$VirtualFilterChain.doFilter(FilterChainProxy.java:374) ~[spring-security-web-6.2.0.jar:6.2.0]
	at org.springframework.security.web.authentication.AnonymousAuthenticationFilter.doFilter(AnonymousAuthenticationFilter.java:100) ~[spring-security-web-6.2.0.jar:6.2.0]
	at org.springframework.security.web.FilterChainProxy$VirtualFilterChain.doFilter(FilterChainProxy.java:374) ~[spring-security-web-6.2.0.jar:6.2.0]
	at org.springframework.security.web.servletapi.SecurityContextHolderAwareRequestFilter.doFilter(SecurityContextHolderAwareRequestFilter.java:179) ~[spring-security-web-6.2.0.jar:6.2.0]
	at org.springframework.security.web.FilterChainProxy$VirtualFilterChain.doFilter(FilterChainProxy.java:374) ~[spring-security-web-6.2.0.jar:6.2.0]
	at org.springframework.security.web.savedrequest.RequestCacheAwareFilter.doFilter(RequestCacheAwareFilter.java:63) ~[spring-security-web-6.2.0.jar:6.2.0]
	at org.springframework.security.web.FilterChainProxy$VirtualFilterChain.doFilter(FilterChainProxy.java:374) ~[spring-security-web-6.2.0.jar:6.2.0]
	at com.belleza.pos.security.jwt.JwtAuthenticationFilter.doFilterInternal(JwtAuthenticationFilter.java:64) ~[classes/:na]
	at org.springframework.web.filter.OncePerRequestFilter.doFilter(OncePerRequestFilter.java:116) ~[spring-web-6.1.1.jar:6.1.1]
	at org.springframework.security.web.FilterChainProxy$VirtualFilterChain.doFilter(FilterChainProxy.java:374) ~[spring-security-web-6.2.0.jar:6.2.0]
	at org.springframework.security.web.authentication.logout.LogoutFilter.doFilter(LogoutFilter.java:107) ~[spring-security-web-6.2.0.jar:6.2.0]
	at org.springframework.security.web.authentication.logout.LogoutFilter.doFilter(LogoutFilter.java:93) ~[spring-security-web-6.2.0.jar:6.2.0]
	at org.springframework.security.web.FilterChainProxy$VirtualFilterChain.doFilter(FilterChainProxy.java:374) ~[spring-security-web-6.2.0.jar:6.2.0]
	at org.springframework.web.filter.CorsFilter.doFilterInternal(CorsFilter.java:91) ~[spring-web-6.1.1.jar:6.1.1]
	at org.springframework.web.filter.OncePerRequestFilter.doFilter(OncePerRequestFilter.java:116) ~[spring-web-6.1.1.jar:6.1.1]
	at org.springframework.security.web.FilterChainProxy$VirtualFilterChain.doFilter(FilterChainProxy.java:374) ~[spring-security-web-6.2.0.jar:6.2.0]
	at org.springframework.security.web.header.HeaderWriterFilter.doHeadersAfter(HeaderWriterFilter.java:90) ~[spring-security-web-6.2.0.jar:6.2.0]
	at org.springframework.security.web.header.HeaderWriterFilter.doFilterInternal(HeaderWriterFilter.java:75) ~[spring-security-web-6.2.0.jar:6.2.0]
	at org.springframework.web.filter.OncePerRequestFilter.doFilter(OncePerRequestFilter.java:116) ~[spring-web-6.1.1.jar:6.1.1]
	at org.springframework.security.web.FilterChainProxy$VirtualFilterChain.doFilter(FilterChainProxy.java:374) ~[spring-security-web-6.2.0.jar:6.2.0]
	at org.springframework.security.web.context.SecurityContextHolderFilter.doFilter(SecurityContextHolderFilter.java:82) ~[spring-security-web-6.2.0.jar:6.2.0]
	at org.springframework.security.web.context.SecurityContextHolderFilter.doFilter(SecurityContextHolderFilter.java:69) ~[spring-security-web-6.2.0.jar:6.2.0]
	at org.springframework.security.web.FilterChainProxy$VirtualFilterChain.doFilter(FilterChainProxy.java:374) ~[spring-security-web-6.2.0.jar:6.2.0]
	at org.springframework.security.web.context.request.async.WebAsyncManagerIntegrationFilter.doFilterInternal(WebAsyncManagerIntegrationFilter.java:62) ~[spring-security-web-6.2.0.jar:6.2.0]
	at org.springframework.web.filter.OncePerRequestFilter.doFilter(OncePerRequestFilter.java:116) ~[spring-web-6.1.1.jar:6.1.1]
	at org.springframework.security.web.FilterChainProxy$VirtualFilterChain.doFilter(FilterChainProxy.java:374) ~[spring-security-web-6.2.0.jar:6.2.0]
	at org.springframework.security.web.session.DisableEncodeUrlFilter.doFilterInternal(DisableEncodeUrlFilter.java:42) ~[spring-security-web-6.2.0.jar:6.2.0]
	at org.springframework.web.filter.OncePerRequestFilter.doFilter(OncePerRequestFilter.java:116) ~[spring-web-6.1.1.jar:6.1.1]
	at org.springframework.security.web.FilterChainProxy$VirtualFilterChain.doFilter(FilterChainProxy.java:374) ~[spring-security-web-6.2.0.jar:6.2.0]
	at org.springframework.security.web.FilterChainProxy.doFilterInternal(FilterChainProxy.java:233) ~[spring-security-web-6.2.0.jar:6.2.0]
	at org.springframework.security.web.FilterChainProxy.doFilter(FilterChainProxy.java:191) ~[spring-security-web-6.2.0.jar:6.2.0]
	at org.springframework.web.filter.DelegatingFilterProxy.invokeDelegate(DelegatingFilterProxy.java:352) ~[spring-web-6.1.1.jar:6.1.1]
	at org.springframework.web.filter.DelegatingFilterProxy.doFilter(DelegatingFilterProxy.java:268) ~[spring-web-6.1.1.jar:6.1.1]
	at org.apache.catalina.core.ApplicationFilterChain.internalDoFilter(ApplicationFilterChain.java:174) ~[tomcat-embed-core-10.1.16.jar:10.1.16]
	at org.apache.catalina.core.ApplicationFilterChain.doFilter(ApplicationFilterChain.java:149) ~[tomcat-embed-core-10.1.16.jar:10.1.16]
	at org.springframework.web.filter.RequestContextFilter.doFilterInternal(RequestContextFilter.java:100) ~[spring-web-6.1.1.jar:6.1.1]
	at org.springframework.web.filter.OncePerRequestFilter.doFilter(OncePerRequestFilter.java:116) ~[spring-web-6.1.1.jar:6.1.1]
	at org.apache.catalina.core.ApplicationFilterChain.internalDoFilter(ApplicationFilterChain.java:174) ~[tomcat-embed-core-10.1.16.jar:10.1.16]
	at org.apache.catalina.core.ApplicationFilterChain.doFilter(ApplicationFilterChain.java:149) ~[tomcat-embed-core-10.1.16.jar:10.1.16]
	at org.springframework.web.filter.FormContentFilter.doFilterInternal(FormContentFilter.java:93) ~[spring-web-6.1.1.jar:6.1.1]
	at org.springframework.web.filter.OncePerRequestFilter.doFilter(OncePerRequestFilter.java:116) ~[spring-web-6.1.1.jar:6.1.1]
	at org.apache.catalina.core.ApplicationFilterChain.internalDoFilter(ApplicationFilterChain.java:174) ~[tomcat-embed-core-10.1.16.jar:10.1.16]
	at org.apache.catalina.core.ApplicationFilterChain.doFilter(ApplicationFilterChain.java:149) ~[tomcat-embed-core-10.1.16.jar:10.1.16]
	at org.springframework.web.filter.CharacterEncodingFilter.doFilterInternal(CharacterEncodingFilter.java:201) ~[spring-web-6.1.1.jar:6.1.1]
	at org.springframework.web.filter.OncePerRequestFilter.doFilter(OncePerRequestFilter.java:116) ~[spring-web-6.1.1.jar:6.1.1]
	at org.apache.catalina.core.ApplicationFilterChain.internalDoFilter(ApplicationFilterChain.java:174) ~[tomcat-embed-core-10.1.16.jar:10.1.16]
	at org.apache.catalina.core.ApplicationFilterChain.doFilter(ApplicationFilterChain.java:149) ~[tomcat-embed-core-10.1.16.jar:10.1.16]
	at org.apache.catalina.core.StandardWrapperValve.invoke(StandardWrapperValve.java:167) ~[tomcat-embed-core-10.1.16.jar:10.1.16]
	at org.apache.catalina.core.StandardContextValve.invoke(StandardContextValve.java:90) ~[tomcat-embed-core-10.1.16.jar:10.1.16]
	at org.apache.catalina.authenticator.AuthenticatorBase.invoke(AuthenticatorBase.java:482) ~[tomcat-embed-core-10.1.16.jar:10.1.16]
	at org.apache.catalina.core.StandardHostValve.invoke(StandardHostValve.java:115) ~[tomcat-embed-core-10.1.16.jar:10.1.16]
	at org.apache.catalina.valves.ErrorReportValve.invoke(ErrorReportValve.java:93) ~[tomcat-embed-core-10.1.16.jar:10.1.16]
	at org.apache.catalina.core.StandardEngineValve.invoke(StandardEngineValve.java:74) ~[tomcat-embed-core-10.1.16.jar:10.1.16]
	at org.apache.catalina.connector.CoyoteAdapter.service(CoyoteAdapter.java:340) ~[tomcat-embed-core-10.1.16.jar:10.1.16]
	at org.apache.coyote.http11.Http11Processor.service(Http11Processor.java:391) ~[tomcat-embed-core-10.1.16.jar:10.1.16]
	at org.apache.coyote.AbstractProcessorLight.process(AbstractProcessorLight.java:63) ~[tomcat-embed-core-10.1.16.jar:10.1.16]
	at org.apache.coyote.AbstractProtocol$ConnectionHandler.process(AbstractProtocol.java:896) ~[tomcat-embed-core-10.1.16.jar:10.1.16]
	at org.apache.tomcat.util.net.NioEndpoint$SocketProcessor.doRun(NioEndpoint.java:1744) ~[tomcat-embed-core-10.1.16.jar:10.1.16]
	at org.apache.tomcat.util.net.SocketProcessorBase.run(SocketProcessorBase.java:52) ~[tomcat-embed-core-10.1.16.jar:10.1.16]
	at org.apache.tomcat.util.threads.ThreadPoolExecutor.runWorker(ThreadPoolExecutor.java:1191) ~[tomcat-embed-core-10.1.16.jar:10.1.16]
	at org.apache.tomcat.util.threads.ThreadPoolExecutor$Worker.run(ThreadPoolExecutor.java:659) ~[tomcat-embed-core-10.1.16.jar:10.1.16]
	at org.apache.tomcat.util.threads.TaskThread$WrappingRunnable.run(TaskThread.java:61) ~[tomcat-embed-core-10.1.16.jar:10.1.16]
	at java.base/java.lang.Thread.run(Thread.java:1583) ~[na:na]
Caused by: java.lang.StackOverflowError: null
	at com.belleza.pos.entity.Articulo.hashCode(Articulo.java:23) ~[classes/:na]
	at com.belleza.pos.entity.ArticuloPrecio.hashCode(ArticuloPrecio.java:17) ~[classes/:na]
	at java.base/java.util.AbstractSet.hashCode(AbstractSet.java:124) ~[na:na]
	at org.hibernate.collection.spi.PersistentSet.hashCode(PersistentSet.java:413) ~[hibernate-core-6.3.1.Final.jar:6.3.1.Final]
	at com.belleza.pos.entity.Articulo.hashCode(Articulo.java:23) ~[classes/:na]
	at com.belleza.pos.entity.ArticuloPrecio.hashCode(ArticuloPrecio.java:17) ~[classes/:na]
	at java.base/java.util.AbstractSet.hashCode(AbstractSet.java:124) ~[na:na]
	at org.hibernate.collection.spi.PersistentSet.hashCode(PersistentSet.java:413) ~[hibernate-core-6.3.1.Final.jar:6.3.1.Final]
	at com.belleza.pos.entity.Articulo.hashCode(Articulo.java:23) ~[classes/:na]
	at com.belleza.pos.entity.ArticuloPrecio.hashCode(ArticuloPrecio.java:17) ~[classes/:na]
	at java.base/java.util.AbstractSet.hashCode(AbstractSet.java:124) ~[na:na]
	at org.hibernate.collection.spi.PersistentSet.hashCode(PersistentSet.java:413) ~[hibernate-core-6.3.1.Final.jar:6.3.1.Final]
	at com.belleza.pos.entity.Articulo.hashCode(Articulo.java:23) ~[classes/:na]
	at com.belleza.pos.entity.ArticuloPrecio.hashCode(ArticuloPrecio.java:17) ~[classes/:na]
	at java.base/java.util.AbstractSet.hashCode(AbstractSet.java:124) ~[na:na]
	at org.hibernate.collection.spi.PersistentSet.hashCode(PersistentSet.java:413) ~[hibernate-core-6.3.1.Final.jar:6.3.1.Final]
	at com.belleza.pos.entity.Articulo.hashCode(Articulo.java:23) ~[classes/:na]
	at com.belleza.pos.entity.ArticuloPrecio.hashCode(ArticuloPrecio.java:17) ~[classes/:na]
	at java.base/java.util.AbstractSet.hashCode(AbstractSet.java:124) ~[na:na]
	at org.hibernate.collection.spi.PersistentSet.hashCode(PersistentSet.java:413) ~[hibernate-core-6.3.1.Final.jar:6.3.1.Final]
	at com.belleza.pos.entity.Articulo.hashCode(Articulo.java:23) ~[classes/:na]
	at com.belleza.pos.entity.ArticuloPrecio.hashCode(ArticuloPrecio.java:17) ~[classes/:na]
	at java.base/java.util.AbstractSet.hashCode(AbstractSet.java:124) ~[na:na]
	at org.hibernate.collection.spi.PersistentSet.hashCode(PersistentSet.java:413) ~[hibernate-core-6.3.1.Final.jar:6.3.1.Final]
	at com.belleza.pos.entity.Articulo.hashCode(Articulo.java:23) ~[classes/:na]
	at com.belleza.pos.entity.ArticuloPrecio.hashCode(ArticuloPrecio.java:17) ~[classes/:na]
	at java.base/java.util.AbstractSet.hashCode(AbstractSet.java:124) ~[na:na]
	at org.hibernate.collection.spi.PersistentSet.hashCode(PersistentSet.java:413) ~[hibernate-core-6.3.1.Final.jar:6.3.1.Final]
	at com.belleza.pos.entity.Articulo.hashCode(Articulo.java:23) ~[classes/:na]
	at com.belleza.pos.entity.ArticuloPrecio.hashCode(ArticuloPrecio.java:17) ~[classes/:na]
	at java.base/java.util.AbstractSet.hashCode(AbstractSet.java:124) ~[na:na]
	at org.hibernate.collection.spi.PersistentSet.hashCode(PersistentSet.java:413) ~[hibernate-core-6.3.1.Final.jar:6.3.1.Final]
	at com.belleza.pos.entity.Articulo.hashCode(Articulo.java:23) ~[classes/:na]
	at com.belleza.pos.entity.ArticuloPrecio.hashCode(ArticuloPrecio.java:17) ~[classes/:na]
	at java.base/java.util.AbstractSet.hashCode(AbstractSet.java:124) ~[na:na]
	at org.hibernate.collection.spi.PersistentSet.hashCode(PersistentSet.java:413) ~[hibernate-core-6.3.1.Final.jar:6.3.1.Final]
	at com.belleza.pos.entity.Articulo.hashCode(Articulo.java:23) ~[classes/:na]
	at com.belleza.pos.entity.ArticuloPrecio.hashCode(ArticuloPrecio.java:17) ~[classes/:na]
	at java.base/java.util.AbstractSet.hashCode(AbstractSet.java:124) ~[na:na]
	at org.hibernate.collection.spi.PersistentSet.hashCode(PersistentSet.java:413) ~[hibernate-core-6.3.1.Final.jar:6.3.1.Final]
	at com.belleza.pos.entity.Articulo.hashCode(Articulo.java:23) ~[classes/:na]
	at com.belleza.pos.entity.ArticuloPrecio.hashCode(ArticuloPrecio.java:17) ~[classes/:na]
	at java.base/java.util.AbstractSet.hashCode(AbstractSet.java:124) ~[na:na]
	at org.hibernate.collection.spi.PersistentSet.hashCode(PersistentSet.java:413) ~[hibernate-core-6.3.1.Final.jar:6.3.1.Final]
	at com.belleza.pos.entity.Articulo.hashCode(Articulo.java:23) ~[classes/:na]
	at com.belleza.pos.entity.ArticuloPrecio.hashCode(ArticuloPrecio.java:17) ~[classes/:na]
	at java.base/java.util.AbstractSet.hashCode(AbstractSet.java:124) ~[na:na]
	at org.hibernate.collection.spi.PersistentSet.hashCode(PersistentSet.java:413) ~[hibernate-core-6.3.1.Final.jar:6.3.1.Final]
	at com.belleza.pos.entity.Articulo.hashCode(Articulo.java:23) ~[classes/:na]
	at com.belleza.pos.entity.ArticuloPrecio.hashCode(ArticuloPrecio.java:17) ~[classes/:na]
	at java.base/java.util.AbstractSet.hashCode(AbstractSet.java:124) ~[na:na]
	at org.hibernate.collection.spi.PersistentSet.hashCode(PersistentSet.java:413) ~[hibernate-core-6.3.1.Final.jar:6.3.1.Final]
	at com.belleza.pos.entity.Articulo.hashCode(Articulo.java:23) ~[classes/:na]
	at com.belleza.pos.entity.ArticuloPrecio.hashCode(ArticuloPrecio.java:17) ~[classes/:na]
	at java.base/java.util.AbstractSet.hashCode(AbstractSet.java:124) ~[na:na]
	at org.hibernate.collection.spi.PersistentSet.hashCode(PersistentSet.java:413) ~[hibernate-core-6.3.1.Final.jar:6.3.1.Final]
	at com.belleza.pos.entity.Articulo.hashCode(Articulo.java:23) ~[classes/:na]
	at com.belleza.pos.entity.ArticuloPrecio.hashCode(ArticuloPrecio.java:17) ~[classes/:na]
	at java.base/java.util.AbstractSet.hashCode(AbstractSet.java:124) ~[na:na]
	at org.hibernate.collection.spi.PersistentSet.hashCode(PersistentSet.java:413) ~[hibernate-core-6.3.1.Final.jar:6.3.1.Final]
	at com.belleza.pos.entity.Articulo.hashCode(Articulo.java:23) ~[classes/:na]
	at com.belleza.pos.entity.ArticuloPrecio.hashCode(ArticuloPrecio.java:17) ~[classes/:na]
	at java.base/java.util.AbstractSet.hashCode(AbstractSet.java:124) ~[na:na]
	at org.hibernate.collection.spi.PersistentSet.hashCode(PersistentSet.java:413) ~[hibernate-core-6.3.1.Final.jar:6.3.1.Final]
	at com.belleza.pos.entity.Articulo.hashCode(Articulo.java:23) ~[classes/:na]
	at com.belleza.pos.entity.ArticuloPrecio.hashCode(ArticuloPrecio.java:17) ~[classes/:na]
	at java.base/java.util.AbstractSet.hashCode(AbstractSet.java:124) ~[na:na]
	at org.hibernate.collection.spi.PersistentSet.hashCode(PersistentSet.java:413) ~[hibernate-core-6.3.1.Final.jar:6.3.1.Final]
	at com.belleza.pos.entity.Articulo.hashCode(Articulo.java:23) ~[classes/:na]
	at com.belleza.pos.entity.ArticuloPrecio.hashCode(ArticuloPrecio.java:17) ~[classes/:na]
	at java.base/java.util.AbstractSet.hashCode(AbstractSet.java:124) ~[na:na]
	at org.hibernate.collection.spi.PersistentSet.hashCode(PersistentSet.java:413) ~[hibernate-core-6.3.1.Final.jar:6.3.1.Final]
	at com.belleza.pos.entity.Articulo.hashCode(Articulo.java:23) ~[classes/:na]
	at com.belleza.pos.entity.ArticuloPrecio.hashCode(ArticuloPrecio.java:17) ~[classes/:na]
	at java.base/java.util.AbstractSet.hashCode(AbstractSet.java:124) ~[na:na]
	at org.hibernate.collection.spi.PersistentSet.hashCode(PersistentSet.java:413) ~[hibernate-core-6.3.1.Final.jar:6.3.1.Final]
	at com.belleza.pos.entity.Articulo.hashCode(Articulo.java:23) ~[classes/:na]
	at com.belleza.pos.entity.ArticuloPrecio.hashCode(ArticuloPrecio.java:17) ~[classes/:na]
	at java.base/java.util.AbstractSet.hashCode(AbstractSet.java:124) ~[na:na]
	at org.hibernate.collection.spi.PersistentSet.hashCode(PersistentSet.java:413) ~[hibernate-core-6.3.1.Final.jar:6.3.1.Final]
	at com.belleza.pos.entity.Articulo.hashCode(Articulo.java:23) ~[classes/:na]
	at com.belleza.pos.entity.ArticuloPrecio.hashCode(ArticuloPrecio.java:17) ~[classes/:na]
	at java.base/java.util.AbstractSet.hashCode(AbstractSet.java:124) ~[na:na]
	at org.hibernate.collection.spi.PersistentSet.hashCode(PersistentSet.java:413) ~[hibernate-core-6.3.1.Final.jar:6.3.1.Final]
	at com.belleza.pos.entity.Articulo.hashCode(Articulo.java:23) ~[classes/:na]
	at com.belleza.pos.entity.ArticuloPrecio.hashCode(ArticuloPrecio.java:17) ~[classes/:na]
	at java.base/java.util.AbstractSet.hashCode(AbstractSet.java:124) ~[na:na]
	at org.hibernate.collection.spi.PersistentSet.hashCode(PersistentSet.java:413) ~[hibernate-core-6.3.1.Final.jar:6.3.1.Final]
	at com.belleza.pos.entity.Articulo.hashCode(Articulo.java:23) ~[classes/:na]
	at com.belleza.pos.entity.ArticuloPrecio.hashCode(ArticuloPrecio.java:17) ~[classes/:na]
	at java.base/java.util.AbstractSet.hashCode(AbstractSet.java:124) ~[na:na]
	at org.hibernate.collection.spi.PersistentSet.hashCode(PersistentSet.java:413) ~[hibernate-core-6.3.1.Final.jar:6.3.1.Final]
	at com.belleza.pos.entity.Articulo.hashCode(Articulo.java:23) ~[classes/:na]
	at com.belleza.pos.entity.ArticuloPrecio.hashCode(ArticuloPrecio.java:17) ~[classes/:na]
	at java.base/java.util.AbstractSet.hashCode(AbstractSet.java:124) ~[na:na]
	at org.hibernate.collection.spi.PersistentSet.hashCode(PersistentSet.java:413) ~[hibernate-core-6.3.1.Final.jar:6.3.1.Final]
	at com.belleza.pos.entity.Articulo.hashCode(Articulo.java:23) ~[classes/:na]
	at com.belleza.pos.entity.ArticuloPrecio.hashCode(ArticuloPrecio.java:17) ~[classes/:na]
	at java.base/java.util.AbstractSet.hashCode(AbstractSet.java:124) ~[na:na]
	at org.hibernate.collection.spi.PersistentSet.hashCode(PersistentSet.java:413) ~[hibernate-core-6.3.1.Final.jar:6.3.1.Final]
	at com.belleza.pos.entity.Articulo.hashCode(Articulo.java:23) ~[classes/:na]
	at com.belleza.pos.entity.ArticuloPrecio.hashCode(ArticuloPrecio.java:17) ~[classes/:na]
	at java.base/java.util.AbstractSet.hashCode(AbstractSet.java:124) ~[na:na]
	at org.hibernate.collection.spi.PersistentSet.hashCode(PersistentSet.java:413) ~[hibernate-core-6.3.1.Final.jar:6.3.1.Final]
	at com.belleza.pos.entity.Articulo.hashCode(Articulo.java:23) ~[classes/:na]
	at com.belleza.pos.entity.ArticuloPrecio.hashCode(ArticuloPrecio.java:17) ~[classes/:na]
	at java.base/java.util.AbstractSet.hashCode(AbstractSet.java:124) ~[na:na]
	at org.hibernate.collection.spi.PersistentSet.hashCode(PersistentSet.java:413) ~[hibernate-core-6.3.1.Final.jar:6.3.1.Final]
	at com.belleza.pos.entity.Articulo.hashCode(Articulo.java:23) ~[classes/:na]
	at com.belleza.pos.entity.ArticuloPrecio.hashCode(ArticuloPrecio.java:17) ~[classes/:na]
	at java.base/java.util.AbstractSet.hashCode(AbstractSet.java:124) ~[na:na]
	at org.hibernate.collection.spi.PersistentSet.hashCode(PersistentSet.java:413) ~[hibernate-core-6.3.1.Final.jar:6.3.1.Final]
	at com.belleza.pos.entity.Articulo.hashCode(Articulo.java:23) ~[classes/:na]
	at com.belleza.pos.entity.ArticuloPrecio.hashCode(ArticuloPrecio.java:17) ~[classes/:na]
	at java.base/java.util.AbstractSet.hashCode(AbstractSet.java:124) ~[na:na]
	at org.hibernate.collection.spi.PersistentSet.hashCode(PersistentSet.java:413) ~[hibernate-core-6.3.1.Final.jar:6.3.1.Final]
	at com.belleza.pos.entity.Articulo.hashCode(Articulo.java:23) ~[classes/:na]
	at com.belleza.pos.entity.ArticuloPrecio.hashCode(ArticuloPrecio.java:17) ~[classes/:na]
	at java.base/java.util.AbstractSet.hashCode(AbstractSet.java:124) ~[na:na]
	at org.hibernate.collection.spi.PersistentSet.hashCode(PersistentSet.java:413) ~[hibernate-core-6.3.1.Final.jar:6.3.1.Final]
	at com.belleza.pos.entity.Articulo.hashCode(Articulo.java:23) ~[classes/:na]
	at com.belleza.pos.entity.ArticuloPrecio.hashCode(ArticuloPrecio.java:17) ~[classes/:na]
	at java.base/java.util.AbstractSet.hashCode(AbstractSet.java:124) ~[na:na]
	at org.hibernate.collection.spi.PersistentSet.hashCode(PersistentSet.java:413) ~[hibernate-core-6.3.1.Final.jar:6.3.1.Final]
	at com.belleza.pos.entity.Articulo.hashCode(Articulo.java:23) ~[classes/:na]
	at com.belleza.pos.entity.ArticuloPrecio.hashCode(ArticuloPrecio.java:17) ~[classes/:na]
	at java.base/java.util.AbstractSet.hashCode(AbstractSet.java:124) ~[na:na]
	at org.hibernate.collection.spi.PersistentSet.hashCode(PersistentSet.java:413) ~[hibernate-core-6.3.1.Final.jar:6.3.1.Final]
	at com.belleza.pos.entity.Articulo.hashCode(Articulo.java:23) ~[classes/:na]
	at com.belleza.pos.entity.ArticuloPrecio.hashCode(ArticuloPrecio.java:17) ~[classes/:na]
	at java.base/java.util.AbstractSet.hashCode(AbstractSet.java:124) ~[na:na]
	at org.hibernate.collection.spi.PersistentSet.hashCode(PersistentSet.java:413) ~[hibernate-core-6.3.1.Final.jar:6.3.1.Final]
	at com.belleza.pos.entity.Articulo.hashCode(Articulo.java:23) ~[classes/:na]
	at com.belleza.pos.entity.ArticuloPrecio.hashCode(ArticuloPrecio.java:17) ~[classes/:na]
	at java.base/java.util.AbstractSet.hashCode(AbstractSet.java:124) ~[na:na]
	at org.hibernate.collection.spi.PersistentSet.hashCode(PersistentSet.java:413) ~[hibernate-core-6.3.1.Final.jar:6.3.1.Final]
	at com.belleza.pos.entity.Articulo.hashCode(Articulo.java:23) ~[classes/:na]
	at com.belleza.pos.entity.ArticuloPrecio.hashCode(ArticuloPrecio.java:17) ~[classes/:na]
	at java.base/java.util.AbstractSet.hashCode(AbstractSet.java:124) ~[na:na]
	at org.hibernate.collection.spi.PersistentSet.hashCode(PersistentSet.java:413) ~[hibernate-core-6.3.1.Final.jar:6.3.1.Final]
	at com.belleza.pos.entity.Articulo.hashCode(Articulo.java:23) ~[classes/:na]
	at com.belleza.pos.entity.ArticuloPrecio.hashCode(ArticuloPrecio.java:17) ~[classes/:na]
	at java.base/java.util.AbstractSet.hashCode(AbstractSet.java:124) ~[na:na]
	at org.hibernate.collection.spi.PersistentSet.hashCode(PersistentSet.java:413) ~[hibernate-core-6.3.1.Final.jar:6.3.1.Final]
	at com.belleza.pos.entity.Articulo.hashCode(Articulo.java:23) ~[classes/:na]
	at com.belleza.pos.entity.ArticuloPrecio.hashCode(ArticuloPrecio.java:17) ~[classes/:na]
	at java.base/java.util.AbstractSet.hashCode(AbstractSet.java:124) ~[na:na]
	at org.hibernate.collection.spi.PersistentSet.hashCode(PersistentSet.java:413) ~[hibernate-core-6.3.1.Final.jar:6.3.1.Final]
	at com.belleza.pos.entity.Articulo.hashCode(Articulo.java:23) ~[classes/:na]
	at com.belleza.pos.entity.ArticuloPrecio.hashCode(ArticuloPrecio.java:17) ~[classes/:na]
	at java.base/java.util.AbstractSet.hashCode(AbstractSet.java:124) ~[na:na]
	at org.hibernate.collection.spi.PersistentSet.hashCode(PersistentSet.java:413) ~[hibernate-core-6.3.1.Final.jar:6.3.1.Final]
	at com.belleza.pos.entity.Articulo.hashCode(Articulo.java:23) ~[classes/:na]
	at com.belleza.pos.entity.ArticuloPrecio.hashCode(ArticuloPrecio.java:17) ~[classes/:na]
	at java.base/java.util.AbstractSet.hashCode(AbstractSet.java:124) ~[na:na]
	at org.hibernate.collection.spi.PersistentSet.hashCode(PersistentSet.java:413) ~[hibernate-core-6.3.1.Final.jar:6.3.1.Final]
	at com.belleza.pos.entity.Articulo.hashCode(Articulo.java:23) ~[classes/:na]
	at com.belleza.pos.entity.ArticuloPrecio.hashCode(ArticuloPrecio.java:17) ~[classes/:na]
	at java.base/java.util.AbstractSet.hashCode(AbstractSet.java:124) ~[na:na]
	at org.hibernate.collection.spi.PersistentSet.hashCode(PersistentSet.java:413) ~[hibernate-core-6.3.1.Final.jar:6.3.1.Final]
	at com.belleza.pos.entity.Articulo.hashCode(Articulo.java:23) ~[classes/:na]
	at com.belleza.pos.entity.ArticuloPrecio.hashCode(ArticuloPrecio.java:17) ~[classes/:na]
	at java.base/java.util.AbstractSet.hashCode(AbstractSet.java:124) ~[na:na]
	at org.hibernate.collection.spi.PersistentSet.hashCode(PersistentSet.java:413) ~[hibernate-core-6.3.1.Final.jar:6.3.1.Final]
	at com.belleza.pos.entity.Articulo.hashCode(Articulo.java:23) ~[classes/:na]
	at com.belleza.pos.entity.ArticuloPrecio.hashCode(ArticuloPrecio.java:17) ~[classes/:na]
	at java.base/java.util.AbstractSet.hashCode(AbstractSet.java:124) ~[na:na]
	at org.hibernate.collection.spi.PersistentSet.hashCode(PersistentSet.java:413) ~[hibernate-core-6.3.1.Final.jar:6.3.1.Final]
	at com.belleza.pos.entity.Articulo.hashCode(Articulo.java:23) ~[classes/:na]
	at com.belleza.pos.entity.ArticuloPrecio.hashCode(ArticuloPrecio.java:17) ~[classes/:na]
	at java.base/java.util.AbstractSet.hashCode(AbstractSet.java:124) ~[na:na]
	at org.hibernate.collection.spi.PersistentSet.hashCode(PersistentSet.java:413) ~[hibernate-core-6.3.1.Final.jar:6.3.1.Final]
	at com.belleza.pos.entity.Articulo.hashCode(Articulo.java:23) ~[classes/:na]
	at com.belleza.pos.entity.ArticuloPrecio.hashCode(ArticuloPrecio.java:17) ~[classes/:na]
	at java.base/java.util.AbstractSet.hashCode(AbstractSet.java:124) ~[na:na]
	at org.hibernate.collection.spi.PersistentSet.hashCode(PersistentSet.java:413) ~[hibernate-core-6.3.1.Final.jar:6.3.1.Final]
	at com.belleza.pos.entity.Articulo.hashCode(Articulo.java:23) ~[classes/:na]
	at com.belleza.pos.entity.ArticuloPrecio.hashCode(ArticuloPrecio.java:17) ~[classes/:na]
	at java.base/java.util.AbstractSet.hashCode(AbstractSet.java:124) ~[na:na]
	at org.hibernate.collection.spi.PersistentSet.hashCode(PersistentSet.java:413) ~[hibernate-core-6.3.1.Final.jar:6.3.1.Final]
	at com.belleza.pos.entity.Articulo.hashCode(Articulo.java:23) ~[classes/:na]
	at com.belleza.pos.entity.ArticuloPrecio.hashCode(ArticuloPrecio.java:17) ~[classes/:na]
	at java.base/java.util.AbstractSet.hashCode(AbstractSet.java:124) ~[na:na]
	at org.hibernate.collection.spi.PersistentSet.hashCode(PersistentSet.java:413) ~[hibernate-core-6.3.1.Final.jar:6.3.1.Final]
	at com.belleza.pos.entity.Articulo.hashCode(Articulo.java:23) ~[classes/:na]
	at com.belleza.pos.entity.ArticuloPrecio.hashCode(ArticuloPrecio.java:17) ~[classes/:na]
	at java.base/java.util.AbstractSet.hashCode(AbstractSet.java:124) ~[na:na]
	at org.hibernate.collection.spi.PersistentSet.hashCode(PersistentSet.java:413) ~[hibernate-core-6.3.1.Final.jar:6.3.1.Final]
	at com.belleza.pos.entity.Articulo.hashCode(Articulo.java:23) ~[classes/:na]
	at com.belleza.pos.entity.ArticuloPrecio.hashCode(ArticuloPrecio.java:17) ~[classes/:na]
	at java.base/java.util.AbstractSet.hashCode(AbstractSet.java:124) ~[na:na]
	at org.hibernate.collection.spi.PersistentSet.hashCode(PersistentSet.java:413) ~[hibernate-core-6.3.1.Final.jar:6.3.1.Final]
	at com.belleza.pos.entity.Articulo.hashCode(Articulo.java:23) ~[classes/:na]
	at com.belleza.pos.entity.ArticuloPrecio.hashCode(ArticuloPrecio.java:17) ~[classes/:na]
	at java.base/java.util.AbstractSet.hashCode(AbstractSet.java:124) ~[na:na]
	at org.hibernate.collection.spi.PersistentSet.hashCode(PersistentSet.java:413) ~[hibernate-core-6.3.1.Final.jar:6.3.1.Final]
	at com.belleza.pos.entity.Articulo.hashCode(Articulo.java:23) ~[classes/:na]
	at com.belleza.pos.entity.ArticuloPrecio.hashCode(ArticuloPrecio.java:17) ~[classes/:na]
	at java.base/java.util.AbstractSet.hashCode(AbstractSet.java:124) ~[na:na]
	at org.hibernate.collection.spi.PersistentSet.hashCode(PersistentSet.java:413) ~[hibernate-core-6.3.1.Final.jar:6.3.1.Final]
	at com.belleza.pos.entity.Articulo.hashCode(Articulo.java:23) ~[classes/:na]
	at com.belleza.pos.entity.ArticuloPrecio.hashCode(ArticuloPrecio.java:17) ~[classes/:na]
	at java.base/java.util.AbstractSet.hashCode(AbstractSet.java:124) ~[na:na]
	at org.hibernate.collection.spi.PersistentSet.hashCode(PersistentSet.java:413) ~[hibernate-core-6.3.1.Final.jar:6.3.1.Final]
	at com.belleza.pos.entity.Articulo.hashCode(Articulo.java:23) ~[classes/:na]
	at com.belleza.pos.entity.ArticuloPrecio.hashCode(ArticuloPrecio.java:17) ~[classes/:na]
	at java.base/java.util.AbstractSet.hashCode(AbstractSet.java:124) ~[na:na]
	at org.hibernate.collection.spi.PersistentSet.hashCode(PersistentSet.java:413) ~[hibernate-core-6.3.1.Final.jar:6.3.1.Final]
	at com.belleza.pos.entity.Articulo.hashCode(Articulo.java:23) ~[classes/:na]
	at com.belleza.pos.entity.ArticuloPrecio.hashCode(ArticuloPrecio.java:17) ~[classes/:na]
	at java.base/java.util.AbstractSet.hashCode(AbstractSet.java:124) ~[na:na]
	at org.hibernate.collection.spi.PersistentSet.hashCode(PersistentSet.java:413) ~[hibernate-core-6.3.1.Final.jar:6.3.1.Final]
	at com.belleza.pos.entity.Articulo.hashCode(Articulo.java:23) ~[classes/:na]
	at com.belleza.pos.entity.ArticuloPrecio.hashCode(ArticuloPrecio.java:17) ~[classes/:na]
	at java.base/java.util.AbstractSet.hashCode(AbstractSet.java:124) ~[na:na]
	at org.hibernate.collection.spi.PersistentSet.hashCode(PersistentSet.java:413) ~[hibernate-core-6.3.1.Final.jar:6.3.1.Final]
	at com.belleza.pos.entity.Articulo.hashCode(Articulo.java:23) ~[classes/:na]
	at com.belleza.pos.entity.ArticuloPrecio.hashCode(ArticuloPrecio.java:17) ~[classes/:na]
	at java.base/java.util.AbstractSet.hashCode(AbstractSet.java:124) ~[na:na]
	at org.hibernate.collection.spi.PersistentSet.hashCode(PersistentSet.java:413) ~[hibernate-core-6.3.1.Final.jar:6.3.1.Final]
	at com.belleza.pos.entity.Articulo.hashCode(Articulo.java:23) ~[classes/:na]
	at com.belleza.pos.entity.ArticuloPrecio.hashCode(ArticuloPrecio.java:17) ~[classes/:na]
	at java.base/java.util.AbstractSet.hashCode(AbstractSet.java:124) ~[na:na]
	at org.hibernate.collection.spi.PersistentSet.hashCode(PersistentSet.java:413) ~[hibernate-core-6.3.1.Final.jar:6.3.1.Final]
	at com.belleza.pos.entity.Articulo.hashCode(Articulo.java:23) ~[classes/:na]
	at com.belleza.pos.entity.ArticuloPrecio.hashCode(ArticuloPrecio.java:17) ~[classes/:na]
	at java.base/java.util.AbstractSet.hashCode(AbstractSet.java:124) ~[na:na]
	at org.hibernate.collection.spi.PersistentSet.hashCode(PersistentSet.java:413) ~[hibernate-core-6.3.1.Final.jar:6.3.1.Final]
	at com.belleza.pos.entity.Articulo.hashCode(Articulo.java:23) ~[classes/:na]
	at com.belleza.pos.entity.ArticuloPrecio.hashCode(ArticuloPrecio.java:17) ~[classes/:na]
	at java.base/java.util.AbstractSet.hashCode(AbstractSet.java:124) ~[na:na]
	at org.hibernate.collection.spi.PersistentSet.hashCode(PersistentSet.java:413) ~[hibernate-core-6.3.1.Final.jar:6.3.1.Final]
	at com.belleza.pos.entity.Articulo.hashCode(Articulo.java:23) ~[classes/:na]
	at com.belleza.pos.entity.ArticuloPrecio.hashCode(ArticuloPrecio.java:17) ~[classes/:na]
	at java.base/java.util.AbstractSet.hashCode(AbstractSet.java:124) ~[na:na]
	at org.hibernate.collection.spi.PersistentSet.hashCode(PersistentSet.java:413) ~[hibernate-core-6.3.1.Final.jar:6.3.1.Final]
	at com.belleza.pos.entity.Articulo.hashCode(Articulo.java:23) ~[classes/:na]
	at com.belleza.pos.entity.ArticuloPrecio.hashCode(ArticuloPrecio.java:17) ~[classes/:na]
	at java.base/java.util.AbstractSet.hashCode(AbstractSet.java:124) ~[na:na]
	at org.hibernate.collection.spi.PersistentSet.hashCode(PersistentSet.java:413) ~[hibernate-core-6.3.1.Final.jar:6.3.1.Final]
	at com.belleza.pos.entity.Articulo.hashCode(Articulo.java:23) ~[classes/:na]
	at com.belleza.pos.entity.ArticuloPrecio.hashCode(ArticuloPrecio.java:17) ~[classes/:na]
	at java.base/java.util.AbstractSet.hashCode(AbstractSet.java:124) ~[na:na]
	at org.hibernate.collection.spi.PersistentSet.hashCode(PersistentSet.java:413) ~[hibernate-core-6.3.1.Final.jar:6.3.1.Final]
	at com.belleza.pos.entity.Articulo.hashCode(Articulo.java:23) ~[classes/:na]
	at com.belleza.pos.entity.ArticuloPrecio.hashCode(ArticuloPrecio.java:17) ~[classes/:na]
	at java.base/java.util.AbstractSet.hashCode(AbstractSet.java:124) ~[na:na]
	at org.hibernate.collection.spi.PersistentSet.hashCode(PersistentSet.java:413) ~[hibernate-core-6.3.1.Final.jar:6.3.1.Final]
	at com.belleza.pos.entity.Articulo.hashCode(Articulo.java:23) ~[classes/:na]
	at com.belleza.pos.entity.ArticuloPrecio.hashCode(ArticuloPrecio.java:17) ~[classes/:na]
	at java.base/java.util.AbstractSet.hashCode(AbstractSet.java:124) ~[na:na]
	at org.hibernate.collection.spi.PersistentSet.hashCode(PersistentSet.java:413) ~[hibernate-core-6.3.1.Final.jar:6.3.1.Final]
	at com.belleza.pos.entity.Articulo.hashCode(Articulo.java:23) ~[classes/:na]
	at com.belleza.pos.entity.ArticuloPrecio.hashCode(ArticuloPrecio.java:17) ~[classes/:na]
	at java.base/java.util.AbstractSet.hashCode(AbstractSet.java:124) ~[na:na]
	at org.hibernate.collection.spi.PersistentSet.hashCode(PersistentSet.java:413) ~[hibernate-core-6.3.1.Final.jar:6.3.1.Final]
	at com.belleza.pos.entity.Articulo.hashCode(Articulo.java:23) ~[classes/:na]
	at com.belleza.pos.entity.ArticuloPrecio.hashCode(ArticuloPrecio.java:17) ~[classes/:na]
	at java.base/java.util.AbstractSet.hashCode(AbstractSet.java:124) ~[na:na]
	at org.hibernate.collection.spi.PersistentSet.hashCode(PersistentSet.java:413) ~[hibernate-core-6.3.1.Final.jar:6.3.1.Final]
	at com.belleza.pos.entity.Articulo.hashCode(Articulo.java:23) ~[classes/:na]
	at com.belleza.pos.entity.ArticuloPrecio.hashCode(ArticuloPrecio.java:17) ~[classes/:na]
	at java.base/java.util.AbstractSet.hashCode(AbstractSet.java:124) ~[na:na]
	at org.hibernate.collection.spi.PersistentSet.hashCode(PersistentSet.java:413) ~[hibernate-core-6.3.1.Final.jar:6.3.1.Final]
	at com.belleza.pos.entity.Articulo.hashCode(Articulo.java:23) ~[classes/:na]
	at com.belleza.pos.entity.ArticuloPrecio.hashCode(ArticuloPrecio.java:17) ~[classes/:na]
	at java.base/java.util.AbstractSet.hashCode(AbstractSet.java:124) ~[na:na]
	at org.hibernate.collection.spi.PersistentSet.hashCode(PersistentSet.java:413) ~[hibernate-core-6.3.1.Final.jar:6.3.1.Final]
	at com.belleza.pos.entity.Articulo.hashCode(Articulo.java:23) ~[classes/:na]
	at com.belleza.pos.entity.ArticuloPrecio.hashCode(ArticuloPrecio.java:17) ~[classes/:na]
	at java.base/java.util.AbstractSet.hashCode(AbstractSet.java:124) ~[na:na]
	at org.hibernate.collection.spi.PersistentSet.hashCode(PersistentSet.java:413) ~[hibernate-core-6.3.1.Final.jar:6.3.1.Final]
	at com.belleza.pos.entity.Articulo.hashCode(Articulo.java:23) ~[classes/:na]
	at com.belleza.pos.entity.ArticuloPrecio.hashCode(ArticuloPrecio.java:17) ~[classes/:na]
	at java.base/java.util.AbstractSet.hashCode(AbstractSet.java:124) ~[na:na]
	at org.hibernate.collection.spi.PersistentSet.hashCode(PersistentSet.java:413) ~[hibernate-core-6.3.1.Final.jar:6.3.1.Final]
	at com.belleza.pos.entity.Articulo.hashCode(Articulo.java:23) ~[classes/:na]
	at com.belleza.pos.entity.ArticuloPrecio.hashCode(ArticuloPrecio.java:17) ~[classes/:na]
	at java.base/java.util.AbstractSet.hashCode(AbstractSet.java:124) ~[na:na]
	at org.hibernate.collection.spi.PersistentSet.hashCode(PersistentSet.java:413) ~[hibernate-core-6.3.1.Final.jar:6.3.1.Final]
	at com.belleza.pos.entity.Articulo.hashCode(Articulo.java:23) ~[classes/:na]
	at com.belleza.pos.entity.ArticuloPrecio.hashCode(ArticuloPrecio.java:17) ~[classes/:na]
	at java.base/java.util.AbstractSet.hashCode(AbstractSet.java:124) ~[na:na]
	at org.hibernate.collection.spi.PersistentSet.hashCode(PersistentSet.java:413) ~[hibernate-core-6.3.1.Final.jar:6.3.1.Final]
	at com.belleza.pos.entity.Articulo.hashCode(Articulo.java:23) ~[classes/:na]
	at com.belleza.pos.entity.ArticuloPrecio.hashCode(ArticuloPrecio.java:17) ~[classes/:na]
	at java.base/java.util.AbstractSet.hashCode(AbstractSet.java:124) ~[na:na]
	at org.hibernate.collection.spi.PersistentSet.hashCode(PersistentSet.java:413) ~[hibernate-core-6.3.1.Final.jar:6.3.1.Final]
	at com.belleza.pos.entity.Articulo.hashCode(Articulo.java:23) ~[classes/:na]
	at com.belleza.pos.entity.ArticuloPrecio.hashCode(ArticuloPrecio.java:17) ~[classes/:na]
	at java.base/java.util.AbstractSet.hashCode(AbstractSet.java:124) ~[na:na]
	at org.hibernate.collection.spi.PersistentSet.hashCode(PersistentSet.java:413) ~[hibernate-core-6.3.1.Final.jar:6.3.1.Final]
	at com.belleza.pos.entity.Articulo.hashCode(Articulo.java:23) ~[classes/:na]
	at com.belleza.pos.entity.ArticuloPrecio.hashCode(ArticuloPrecio.java:17) ~[classes/:na]
	at java.base/java.util.AbstractSet.hashCode(AbstractSet.java:124) ~[na:na]
	at org.hibernate.collection.spi.PersistentSet.hashCode(PersistentSet.java:413) ~[hibernate-core-6.3.1.Final.jar:6.3.1.Final]
	at com.belleza.pos.entity.Articulo.hashCode(Articulo.java:23) ~[classes/:na]
	at com.belleza.pos.entity.ArticuloPrecio.hashCode(ArticuloPrecio.java:17) ~[classes/:na]
	at java.base/java.util.AbstractSet.hashCode(AbstractSet.java:124) ~[na:na]
	at org.hibernate.collection.spi.PersistentSet.hashCode(PersistentSet.java:413) ~[hibernate-core-6.3.1.Final.jar:6.3.1.Final]
	at com.belleza.pos.entity.Articulo.hashCode(Articulo.java:23) ~[classes/:na]
	at com.belleza.pos.entity.ArticuloPrecio.hashCode(ArticuloPrecio.java:17) ~[classes/:na]
	at java.base/java.util.AbstractSet.hashCode(AbstractSet.java:124) ~[na:na]
	at org.hibernate.collection.spi.PersistentSet.hashCode(PersistentSet.java:413) ~[hibernate-core-6.3.1.Final.jar:6.3.1.Final]
	at com.belleza.pos.entity.Articulo.hashCode(Articulo.java:23) ~[classes/:na]
	at com.belleza.pos.entity.ArticuloPrecio.hashCode(ArticuloPrecio.java:17) ~[classes/:na]
	at java.base/java.util.AbstractSet.hashCode(AbstractSet.java:124) ~[na:na]
	at org.hibernate.collection.spi.PersistentSet.hashCode(PersistentSet.java:413) ~[hibernate-core-6.3.1.Final.jar:6.3.1.Final]
	at com.belleza.pos.entity.Articulo.hashCode(Articulo.java:23) ~[classes/:na]
	at com.belleza.pos.entity.ArticuloPrecio.hashCode(ArticuloPrecio.java:17) ~[classes/:na]
	at java.base/java.util.AbstractSet.hashCode(AbstractSet.java:124) ~[na:na]
	at org.hibernate.collection.spi.PersistentSet.hashCode(PersistentSet.java:413) ~[hibernate-core-6.3.1.Final.jar:6.3.1.Final]
	at com.belleza.pos.entity.Articulo.hashCode(Articulo.java:23) ~[classes/:na]
	at com.belleza.pos.entity.ArticuloPrecio.hashCode(ArticuloPrecio.java:17) ~[classes/:na]
	at java.base/java.util.AbstractSet.hashCode(AbstractSet.java:124) ~[na:na]
	at org.hibernate.collection.spi.PersistentSet.hashCode(PersistentSet.java:413) ~[hibernate-core-6.3.1.Final.jar:6.3.1.Final]
	at com.belleza.pos.entity.Articulo.hashCode(Articulo.java:23) ~[classes/:na]
	at com.belleza.pos.entity.ArticuloPrecio.hashCode(ArticuloPrecio.java:17) ~[classes/:na]
	at java.base/java.util.AbstractSet.hashCode(AbstractSet.java:124) ~[na:na]
	at org.hibernate.collection.spi.PersistentSet.hashCode(PersistentSet.java:413) ~[hibernate-core-6.3.1.Final.jar:6.3.1.Final]
	at com.belleza.pos.entity.Articulo.hashCode(Articulo.java:23) ~[classes/:na]
	at com.belleza.pos.entity.ArticuloPrecio.hashCode(ArticuloPrecio.java:17) ~[classes/:na]
	at java.base/java.util.AbstractSet.hashCode(AbstractSet.java:124) ~[na:na]
	at org.hibernate.collection.spi.PersistentSet.hashCode(PersistentSet.java:413) ~[hibernate-core-6.3.1.Final.jar:6.3.1.Final]
	at com.belleza.pos.entity.Articulo.hashCode(Articulo.java:23) ~[classes/:na]
	at com.belleza.pos.entity.ArticuloPrecio.hashCode(ArticuloPrecio.java:17) ~[classes/:na]
	at java.base/java.util.AbstractSet.hashCode(AbstractSet.java:124) ~[na:na]
	at org.hibernate.collection.spi.PersistentSet.hashCode(PersistentSet.java:413) ~[hibernate-core-6.3.1.Final.jar:6.3.1.Final]
	at com.belleza.pos.entity.Articulo.hashCode(Articulo.java:23) ~[classes/:na]
	at com.belleza.pos.entity.ArticuloPrecio.hashCode(ArticuloPrecio.java:17) ~[classes/:na]
	at java.base/java.util.AbstractSet.hashCode(AbstractSet.java:124) ~[na:na]
	at org.hibernate.collection.spi.PersistentSet.hashCode(PersistentSet.java:413) ~[hibernate-core-6.3.1.Final.jar:6.3.1.Final]
	at com.belleza.pos.entity.Articulo.hashCode(Articulo.java:23) ~[classes/:na]
	at com.belleza.pos.entity.ArticuloPrecio.hashCode(ArticuloPrecio.java:17) ~[classes/:na]
	at java.base/java.util.AbstractSet.hashCode(AbstractSet.java:124) ~[na:na]
	at org.hibernate.collection.spi.PersistentSet.hashCode(PersistentSet.java:413) ~[hibernate-core-6.3.1.Final.jar:6.3.1.Final]
	at com.belleza.pos.entity.Articulo.hashCode(Articulo.java:23) ~[classes/:na]
	at com.belleza.pos.entity.ArticuloPrecio.hashCode(ArticuloPrecio.java:17) ~[classes/:na]
	at java.base/java.util.AbstractSet.hashCode(AbstractSet.java:124) ~[na:na]
	at org.hibernate.collection.spi.PersistentSet.hashCode(PersistentSet.java:413) ~[hibernate-core-6.3.1.Final.jar:6.3.1.Final]
	at com.belleza.pos.entity.Articulo.hashCode(Articulo.java:23) ~[classes/:na]
	at com.belleza.pos.entity.ArticuloPrecio.hashCode(ArticuloPrecio.java:17) ~[classes/:na]
	at java.base/java.util.AbstractSet.hashCode(AbstractSet.java:124) ~[na:na]
	at org.hibernate.collection.spi.PersistentSet.hashCode(PersistentSet.java:413) ~[hibernate-core-6.3.1.Final.jar:6.3.1.Final]
	at com.belleza.pos.entity.Articulo.hashCode(Articulo.java:23) ~[classes/:na]
	at com.belleza.pos.entity.ArticuloPrecio.hashCode(ArticuloPrecio.java:17) ~[classes/:na]
	at java.base/java.util.AbstractSet.hashCode(AbstractSet.java:124) ~[na:na]
	at org.hibernate.collection.spi.PersistentSet.hashCode(PersistentSet.java:413) ~[hibernate-core-6.3.1.Final.jar:6.3.1.Final]
	at com.belleza.pos.entity.Articulo.hashCode(Articulo.java:23) ~[classes/:na]
	at com.belleza.pos.entity.ArticuloPrecio.hashCode(ArticuloPrecio.java:17) ~[classes/:na]
	at java.base/java.util.AbstractSet.hashCode(AbstractSet.java:124) ~[na:na]
	at org.hibernate.collection.spi.PersistentSet.hashCode(PersistentSet.java:413) ~[hibernate-core-6.3.1.Final.jar:6.3.1.Final]
	at com.belleza.pos.entity.Articulo.hashCode(Articulo.java:23) ~[classes/:na]
	at com.belleza.pos.entity.ArticuloPrecio.hashCode(ArticuloPrecio.java:17) ~[classes/:na]
	at java.base/java.util.AbstractSet.hashCode(AbstractSet.java:124) ~[na:na]
	at org.hibernate.collection.spi.PersistentSet.hashCode(PersistentSet.java:413) ~[hibernate-core-6.3.1.Final.jar:6.3.1.Final]
	at com.belleza.pos.entity.Articulo.hashCode(Articulo.java:23) ~[classes/:na]
	at com.belleza.pos.entity.ArticuloPrecio.hashCode(ArticuloPrecio.java:17) ~[classes/:na]
	at java.base/java.util.AbstractSet.hashCode(AbstractSet.java:124) ~[na:na]
	at org.hibernate.collection.spi.PersistentSet.hashCode(PersistentSet.java:413) ~[hibernate-core-6.3.1.Final.jar:6.3.1.Final]
	at com.belleza.pos.entity.Articulo.hashCode(Articulo.java:23) ~[classes/:na]
	at com.belleza.pos.entity.ArticuloPrecio.hashCode(ArticuloPrecio.java:17) ~[classes/:na]
	at java.base/java.util.AbstractSet.hashCode(AbstractSet.java:124) ~[na:na]
	at org.hibernate.collection.spi.PersistentSet.hashCode(PersistentSet.java:413) ~[hibernate-core-6.3.1.Final.jar:6.3.1.Final]
	at com.belleza.pos.entity.Articulo.hashCode(Articulo.java:23) ~[classes/:na]
	at com.belleza.pos.entity.ArticuloPrecio.hashCode(ArticuloPrecio.java:17) ~[classes/:na]
	at java.base/java.util.AbstractSet.hashCode(AbstractSet.java:124) ~[na:na]
	at org.hibernate.collection.spi.PersistentSet.hashCode(PersistentSet.java:413) ~[hibernate-core-6.3.1.Final.jar:6.3.1.Final]
	at com.belleza.pos.entity.Articulo.hashCode(Articulo.java:23) ~[classes/:na]
	at com.belleza.pos.entity.ArticuloPrecio.hashCode(ArticuloPrecio.java:17) ~[classes/:na]
	at java.base/java.util.AbstractSet.hashCode(AbstractSet.java:124) ~[na:na]
	at org.hibernate.collection.spi.PersistentSet.hashCode(PersistentSet.java:413) ~[hibernate-core-6.3.1.Final.jar:6.3.1.Final]
	at com.belleza.pos.entity.Articulo.hashCode(Articulo.java:23) ~[classes/:na]
	at com.belleza.pos.entity.ArticuloPrecio.hashCode(ArticuloPrecio.java:17) ~[classes/:na]
	at java.base/java.util.AbstractSet.hashCode(AbstractSet.java:124) ~[na:na]
	at org.hibernate.collection.spi.PersistentSet.hashCode(PersistentSet.java:413) ~[hibernate-core-6.3.1.Final.jar:6.3.1.Final]
	at com.belleza.pos.entity.Articulo.hashCode(Articulo.java:23) ~[classes/:na]
	at com.belleza.pos.entity.ArticuloPrecio.hashCode(ArticuloPrecio.java:17) ~[classes/:na]
	at java.base/java.util.AbstractSet.hashCode(AbstractSet.java:124) ~[na:na]
	at org.hibernate.collection.spi.PersistentSet.hashCode(PersistentSet.java:413) ~[hibernate-core-6.3.1.Final.jar:6.3.1.Final]
	at com.belleza.pos.entity.Articulo.hashCode(Articulo.java:23) ~[classes/:na]
	at com.belleza.pos.entity.ArticuloPrecio.hashCode(ArticuloPrecio.java:17) ~[classes/:na]
	at java.base/java.util.AbstractSet.hashCode(AbstractSet.java:124) ~[na:na]
	at org.hibernate.collection.spi.PersistentSet.hashCode(PersistentSet.java:413) ~[hibernate-core-6.3.1.Final.jar:6.3.1.Final]
	at com.belleza.pos.entity.Articulo.hashCode(Articulo.java:23) ~[classes/:na]
	at com.belleza.pos.entity.ArticuloPrecio.hashCode(ArticuloPrecio.java:17) ~[classes/:na]
	at java.base/java.util.AbstractSet.hashCode(AbstractSet.java:124) ~[na:na]
	at org.hibernate.collection.spi.PersistentSet.hashCode(PersistentSet.java:413) ~[hibernate-core-6.3.1.Final.jar:6.3.1.Final]
	at com.belleza.pos.entity.Articulo.hashCode(Articulo.java:23) ~[classes/:na]
	at com.belleza.pos.entity.ArticuloPrecio.hashCode(ArticuloPrecio.java:17) ~[classes/:na]
	at java.base/java.util.AbstractSet.hashCode(AbstractSet.java:124) ~[na:na]
	at org.hibernate.collection.spi.PersistentSet.hashCode(PersistentSet.java:413) ~[hibernate-core-6.3.1.Final.jar:6.3.1.Final]
	at com.belleza.pos.entity.Articulo.hashCode(Articulo.java:23) ~[classes/:na]
	at com.belleza.pos.entity.ArticuloPrecio.hashCode(ArticuloPrecio.java:17) ~[classes/:na]
	at java.base/java.util.AbstractSet.hashCode(AbstractSet.java:124) ~[na:na]
	at org.hibernate.collection.spi.PersistentSet.hashCode(PersistentSet.java:413) ~[hibernate-core-6.3.1.Final.jar:6.3.1.Final]
	at com.belleza.pos.entity.Articulo.hashCode(Articulo.java:23) ~[classes/:na]
	at com.belleza.pos.entity.ArticuloPrecio.hashCode(ArticuloPrecio.java:17) ~[classes/:na]
	at java.base/java.util.AbstractSet.hashCode(AbstractSet.java:124) ~[na:na]
	at org.hibernate.collection.spi.PersistentSet.hashCode(PersistentSet.java:413) ~[hibernate-core-6.3.1.Final.jar:6.3.1.Final]
	at com.belleza.pos.entity.Articulo.hashCode(Articulo.java:23) ~[classes/:na]
	at com.belleza.pos.entity.ArticuloPrecio.hashCode(ArticuloPrecio.java:17) ~[classes/:na]
	at java.base/java.util.AbstractSet.hashCode(AbstractSet.java:124) ~[na:na]
	at org.hibernate.collection.spi.PersistentSet.hashCode(PersistentSet.java:413) ~[hibernate-core-6.3.1.Final.jar:6.3.1.Final]
	at com.belleza.pos.entity.Articulo.hashCode(Articulo.java:23) ~[classes/:na]
	at com.belleza.pos.entity.ArticuloPrecio.hashCode(ArticuloPrecio.java:17) ~[classes/:na]
	at java.base/java.util.AbstractSet.hashCode(AbstractSet.java:124) ~[na:na]
	at org.hibernate.collection.spi.PersistentSet.hashCode(PersistentSet.java:413) ~[hibernate-core-6.3.1.Final.jar:6.3.1.Final]
	at com.belleza.pos.entity.Articulo.hashCode(Articulo.java:23) ~[classes/:na]
	at com.belleza.pos.entity.ArticuloPrecio.hashCode(ArticuloPrecio.java:17) ~[classes/:na]
	at java.base/java.util.AbstractSet.hashCode(AbstractSet.java:124) ~[na:na]
	at org.hibernate.collection.spi.PersistentSet.hashCode(PersistentSet.java:413) ~[hibernate-core-6.3.1.Final.jar:6.3.1.Final]
	at com.belleza.pos.entity.Articulo.hashCode(Articulo.java:23) ~[classes/:na]
	at com.belleza.pos.entity.ArticuloPrecio.hashCode(ArticuloPrecio.java:17) ~[classes/:na]
	at java.base/java.util.AbstractSet.hashCode(AbstractSet.java:124) ~[na:na]
	at org.hibernate.collection.spi.PersistentSet.hashCode(PersistentSet.java:413) ~[hibernate-core-6.3.1.Final.jar:6.3.1.Final]
	at com.belleza.pos.entity.Articulo.hashCode(Articulo.java:23) ~[classes/:na]
	at com.belleza.pos.entity.ArticuloPrecio.hashCode(ArticuloPrecio.java:17) ~[classes/:na]
	at java.base/java.util.AbstractSet.hashCode(AbstractSet.java:124) ~[na:na]
	at org.hibernate.collection.spi.PersistentSet.hashCode(PersistentSet.java:413) ~[hibernate-core-6.3.1.Final.jar:6.3.1.Final]
	at com.belleza.pos.entity.Articulo.hashCode(Articulo.java:23) ~[classes/:na]
	at com.belleza.pos.entity.ArticuloPrecio.hashCode(ArticuloPrecio.java:17) ~[classes/:na]
	at java.base/java.util.AbstractSet.hashCode(AbstractSet.java:124) ~[na:na]
	at org.hibernate.collection.spi.PersistentSet.hashCode(PersistentSet.java:413) ~[hibernate-core-6.3.1.Final.jar:6.3.1.Final]
	at com.belleza.pos.entity.Articulo.hashCode(Articulo.java:23) ~[classes/:na]
	at com.belleza.pos.entity.ArticuloPrecio.hashCode(ArticuloPrecio.java:17) ~[classes/:na]
	at java.base/java.util.AbstractSet.hashCode(AbstractSet.java:124) ~[na:na]
	at org.hibernate.collection.spi.PersistentSet.hashCode(PersistentSet.java:413) ~[hibernate-core-6.3.1.Final.jar:6.3.1.Final]
	at com.belleza.pos.entity.Articulo.hashCode(Articulo.java:23) ~[classes/:na]
	at com.belleza.pos.entity.ArticuloPrecio.hashCode(ArticuloPrecio.java:17) ~[classes/:na]
	at java.base/java.util.AbstractSet.hashCode(AbstractSet.java:124) ~[na:na]
	at org.hibernate.collection.spi.PersistentSet.hashCode(PersistentSet.java:413) ~[hibernate-core-6.3.1.Final.jar:6.3.1.Final]
	at com.belleza.pos.entity.Articulo.hashCode(Articulo.java:23) ~[classes/:na]
	at com.belleza.pos.entity.ArticuloPrecio.hashCode(ArticuloPrecio.java:17) ~[classes/:na]
	at java.base/java.util.AbstractSet.hashCode(AbstractSet.java:124) ~[na:na]
	at org.hibernate.collection.spi.PersistentSet.hashCode(PersistentSet.java:413) ~[hibernate-core-6.3.1.Final.jar:6.3.1.Final]
	at com.belleza.pos.entity.Articulo.hashCode(Articulo.java:23) ~[classes/:na]
	at com.belleza.pos.entity.ArticuloPrecio.hashCode(ArticuloPrecio.java:17) ~[classes/:na]
	at java.base/java.util.AbstractSet.hashCode(AbstractSet.java:124) ~[na:na]
	at org.hibernate.collection.spi.PersistentSet.hashCode(PersistentSet.java:413) ~[hibernate-core-6.3.1.Final.jar:6.3.1.Final]
	at com.belleza.pos.entity.Articulo.hashCode(Articulo.java:23) ~[classes/:na]
	at com.belleza.pos.entity.ArticuloPrecio.hashCode(ArticuloPrecio.java:17) ~[classes/:na]
	at java.base/java.util.AbstractSet.hashCode(AbstractSet.java:124) ~[na:na]
	at org.hibernate.collection.spi.PersistentSet.hashCode(PersistentSet.java:413) ~[hibernate-core-6.3.1.Final.jar:6.3.1.Final]
	at com.belleza.pos.entity.Articulo.hashCode(Articulo.java:23) ~[classes/:na]
	at com.belleza.pos.entity.ArticuloPrecio.hashCode(ArticuloPrecio.java:17) ~[classes/:na]
	at java.base/java.util.AbstractSet.hashCode(AbstractSet.java:124) ~[na:na]
	at org.hibernate.collection.spi.PersistentSet.hashCode(PersistentSet.java:413) ~[hibernate-core-6.3.1.Final.jar:6.3.1.Final]
	at com.belleza.pos.entity.Articulo.hashCode(Articulo.java:23) ~[classes/:na]
	at com.belleza.pos.entity.ArticuloPrecio.hashCode(ArticuloPrecio.java:17) ~[classes/:na]
	at java.base/java.util.AbstractSet.hashCode(AbstractSet.java:124) ~[na:na]
	at org.hibernate.collection.spi.PersistentSet.hashCode(PersistentSet.java:413) ~[hibernate-core-6.3.1.Final.jar:6.3.1.Final]
	at com.belleza.pos.entity.Articulo.hashCode(Articulo.java:23) ~[classes/:na]
	at com.belleza.pos.entity.ArticuloPrecio.hashCode(ArticuloPrecio.java:17) ~[classes/:na]
	at java.base/java.util.AbstractSet.hashCode(AbstractSet.java:124) ~[na:na]
	at org.hibernate.collection.spi.PersistentSet.hashCode(PersistentSet.java:413) ~[hibernate-core-6.3.1.Final.jar:6.3.1.Final]
	at com.belleza.pos.entity.Articulo.hashCode(Articulo.java:23) ~[classes/:na]
	at com.belleza.pos.entity.ArticuloPrecio.hashCode(ArticuloPrecio.java:17) ~[classes/:na]
	at java.base/java.util.AbstractSet.hashCode(AbstractSet.java:124) ~[na:na]
	at org.hibernate.collection.spi.PersistentSet.hashCode(PersistentSet.java:413) ~[hibernate-core-6.3.1.Final.jar:6.3.1.Final]
	at com.belleza.pos.entity.Articulo.hashCode(Articulo.java:23) ~[classes/:na]
	at com.belleza.pos.entity.ArticuloPrecio.hashCode(ArticuloPrecio.java:17) ~[classes/:na]
	at java.base/java.util.AbstractSet.hashCode(AbstractSet.java:124) ~[na:na]
	at org.hibernate.collection.spi.PersistentSet.hashCode(PersistentSet.java:413) ~[hibernate-core-6.3.1.Final.jar:6.3.1.Final]
	at com.belleza.pos.entity.Articulo.hashCode(Articulo.java:23) ~[classes/:na]
	at com.belleza.pos.entity.ArticuloPrecio.hashCode(ArticuloPrecio.java:17) ~[classes/:na]
	at java.base/java.util.AbstractSet.hashCode(AbstractSet.java:124) ~[na:na]
	at org.hibernate.collection.spi.PersistentSet.hashCode(PersistentSet.java:413) ~[hibernate-core-6.3.1.Final.jar:6.3.1.Final]
	at com.belleza.pos.entity.Articulo.hashCode(Articulo.java:23) ~[classes/:na]
	at com.belleza.pos.entity.ArticuloPrecio.hashCode(ArticuloPrecio.java:17) ~[classes/:na]
	at java.base/java.util.AbstractSet.hashCode(AbstractSet.java:124) ~[na:na]
	at org.hibernate.collection.spi.PersistentSet.hashCode(PersistentSet.java:413) ~[hibernate-core-6.3.1.Final.jar:6.3.1.Final]
	at com.belleza.pos.entity.Articulo.hashCode(Articulo.java:23) ~[classes/:na]
	at com.belleza.pos.entity.ArticuloPrecio.hashCode(ArticuloPrecio.java:17) ~[classes/:na]
	at java.base/java.util.AbstractSet.hashCode(AbstractSet.java:124) ~[na:na]
	at org.hibernate.collection.spi.PersistentSet.hashCode(PersistentSet.java:413) ~[hibernate-core-6.3.1.Final.jar:6.3.1.Final]
	at com.belleza.pos.entity.Articulo.hashCode(Articulo.java:23) ~[classes/:na]
	at com.belleza.pos.entity.ArticuloPrecio.hashCode(ArticuloPrecio.java:17) ~[classes/:na]
	at java.base/java.util.AbstractSet.hashCode(AbstractSet.java:124) ~[na:na]
	at org.hibernate.collection.spi.PersistentSet.hashCode(PersistentSet.java:413) ~[hibernate-core-6.3.1.Final.jar:6.3.1.Final]
	at com.belleza.pos.entity.Articulo.hashCode(Articulo.java:23) ~[classes/:na]
	at com.belleza.pos.entity.ArticuloPrecio.hashCode(ArticuloPrecio.java:17) ~[classes/:na]
	at java.base/java.util.AbstractSet.hashCode(AbstractSet.java:124) ~[na:na]
	at org.hibernate.collection.spi.PersistentSet.hashCode(PersistentSet.java:413) ~[hibernate-core-6.3.1.Final.jar:6.3.1.Final]
	at com.belleza.pos.entity.Articulo.hashCode(Articulo.java:23) ~[classes/:na]
	at com.belleza.pos.entity.ArticuloPrecio.hashCode(ArticuloPrecio.java:17) ~[classes/:na]
	at java.base/java.util.AbstractSet.hashCode(AbstractSet.java:124) ~[na:na]
	at org.hibernate.collection.spi.PersistentSet.hashCode(PersistentSet.java:413) ~[hibernate-core-6.3.1.Final.jar:6.3.1.Final]
	at com.belleza.pos.entity.Articulo.hashCode(Articulo.java:23) ~[classes/:na]
	at com.belleza.pos.entity.ArticuloPrecio.hashCode(ArticuloPrecio.java:17) ~[classes/:na]
	at java.base/java.util.AbstractSet.hashCode(AbstractSet.java:124) ~[na:na]
	at org.hibernate.collection.spi.PersistentSet.hashCode(PersistentSet.java:413) ~[hibernate-core-6.3.1.Final.jar:6.3.1.Final]
	at com.belleza.pos.entity.Articulo.hashCode(Articulo.java:23) ~[classes/:na]
	at com.belleza.pos.entity.ArticuloPrecio.hashCode(ArticuloPrecio.java:17) ~[classes/:na]
	at java.base/java.util.AbstractSet.hashCode(AbstractSet.java:124) ~[na:na]
	at org.hibernate.collection.spi.PersistentSet.hashCode(PersistentSet.java:413) ~[hibernate-core-6.3.1.Final.jar:6.3.1.Final]
	at com.belleza.pos.entity.Articulo.hashCode(Articulo.java:23) ~[classes/:na]
	at com.belleza.pos.entity.ArticuloPrecio.hashCode(ArticuloPrecio.java:17) ~[classes/:na]
	at java.base/java.util.AbstractSet.hashCode(AbstractSet.java:124) ~[na:na]
	at org.hibernate.collection.spi.PersistentSet.hashCode(PersistentSet.java:413) ~[hibernate-core-6.3.1.Final.jar:6.3.1.Final]
	at com.belleza.pos.entity.Articulo.hashCode(Articulo.java:23) ~[classes/:na]
	at com.belleza.pos.entity.ArticuloPrecio.hashCode(ArticuloPrecio.java:17) ~[classes/:na]
	at java.base/java.util.AbstractSet.hashCode(AbstractSet.java:124) ~[na:na]
	at org.hibernate.collection.spi.PersistentSet.hashCode(PersistentSet.java:413) ~[hibernate-core-6.3.1.Final.jar:6.3.1.Final]
	at com.belleza.pos.entity.Articulo.hashCode(Articulo.java:23) ~[classes/:na]
	at com.belleza.pos.entity.ArticuloPrecio.hashCode(ArticuloPrecio.java:17) ~[classes/:na]
	at java.base/java.util.AbstractSet.hashCode(AbstractSet.java:124) ~[na:na]
	at org.hibernate.collection.spi.PersistentSet.hashCode(PersistentSet.java:413) ~[hibernate-core-6.3.1.Final.jar:6.3.1.Final]
	at com.belleza.pos.entity.Articulo.hashCode(Articulo.java:23) ~[classes/:na]
	at com.belleza.pos.entity.ArticuloPrecio.hashCode(ArticuloPrecio.java:17) ~[classes/:na]
	at java.base/java.util.AbstractSet.hashCode(AbstractSet.java:124) ~[na:na]
	at org.hibernate.collection.spi.PersistentSet.hashCode(PersistentSet.java:413) ~[hibernate-core-6.3.1.Final.jar:6.3.1.Final]
	at com.belleza.pos.entity.Articulo.hashCode(Articulo.java:23) ~[classes/:na]
	at com.belleza.pos.entity.ArticuloPrecio.hashCode(ArticuloPrecio.java:17) ~[classes/:na]
	at java.base/java.util.AbstractSet.hashCode(AbstractSet.java:124) ~[na:na]
	at org.hibernate.collection.spi.PersistentSet.hashCode(PersistentSet.java:413) ~[hibernate-core-6.3.1.Final.jar:6.3.1.Final]
	at com.belleza.pos.entity.Articulo.hashCode(Articulo.java:23) ~[classes/:na]
	at com.belleza.pos.entity.ArticuloPrecio.hashCode(ArticuloPrecio.java:17) ~[classes/:na]
	at java.base/java.util.AbstractSet.hashCode(AbstractSet.java:124) ~[na:na]
	at org.hibernate.collection.spi.PersistentSet.hashCode(PersistentSet.java:413) ~[hibernate-core-6.3.1.Final.jar:6.3.1.Final]
	at com.belleza.pos.entity.Articulo.hashCode(Articulo.java:23) ~[classes/:na]
	at com.belleza.pos.entity.ArticuloPrecio.hashCode(ArticuloPrecio.java:17) ~[classes/:na]
	at java.base/java.util.AbstractSet.hashCode(AbstractSet.java:124) ~[na:na]
	at org.hibernate.collection.spi.PersistentSet.hashCode(PersistentSet.java:413) ~[hibernate-core-6.3.1.Final.jar:6.3.1.Final]
	at com.belleza.pos.entity.Articulo.hashCode(Articulo.java:23) ~[classes/:na]
	at com.belleza.pos.entity.ArticuloPrecio.hashCode(ArticuloPrecio.java:17) ~[classes/:na]
	at java.base/java.util.AbstractSet.hashCode(AbstractSet.java:124) ~[na:na]
	at org.hibernate.collection.spi.PersistentSet.hashCode(PersistentSet.java:413) ~[hibernate-core-6.3.1.Final.jar:6.3.1.Final]
	at com.belleza.pos.entity.Articulo.hashCode(Articulo.java:23) ~[classes/:na]
	at com.belleza.pos.entity.ArticuloPrecio.hashCode(ArticuloPrecio.java:17) ~[classes/:na]
	at java.base/java.util.AbstractSet.hashCode(AbstractSet.java:124) ~[na:na]
	at org.hibernate.collection.spi.PersistentSet.hashCode(PersistentSet.java:413) ~[hibernate-core-6.3.1.Final.jar:6.3.1.Final]
	at com.belleza.pos.entity.Articulo.hashCode(Articulo.java:23) ~[classes/:na]
	at com.belleza.pos.entity.ArticuloPrecio.hashCode(ArticuloPrecio.java:17) ~[classes/:na]
	at java.base/java.util.AbstractSet.hashCode(AbstractSet.java:124) ~[na:na]
	at org.hibernate.collection.spi.PersistentSet.hashCode(PersistentSet.java:413) ~[hibernate-core-6.3.1.Final.jar:6.3.1.Final]
	at com.belleza.pos.entity.Articulo.hashCode(Articulo.java:23) ~[classes/:na]
	at com.belleza.pos.entity.ArticuloPrecio.hashCode(ArticuloPrecio.java:17) ~[classes/:na]
	at java.base/java.util.AbstractSet.hashCode(AbstractSet.java:124) ~[na:na]
	at org.hibernate.collection.spi.PersistentSet.hashCode(PersistentSet.java:413) ~[hibernate-core-6.3.1.Final.jar:6.3.1.Final]
	at com.belleza.pos.entity.Articulo.hashCode(Articulo.java:23) ~[classes/:na]
	at com.belleza.pos.entity.ArticuloPrecio.hashCode(ArticuloPrecio.java:17) ~[classes/:na]
	at java.base/java.util.AbstractSet.hashCode(AbstractSet.java:124) ~[na:na]
	at org.hibernate.collection.spi.PersistentSet.hashCode(PersistentSet.java:413) ~[hibernate-core-6.3.1.Final.jar:6.3.1.Final]
	at com.belleza.pos.entity.Articulo.hashCode(Articulo.java:23) ~[classes/:na]
	at com.belleza.pos.entity.ArticuloPrecio.hashCode(ArticuloPrecio.java:17) ~[classes/:na]
	at java.base/java.util.AbstractSet.hashCode(AbstractSet.java:124) ~[na:na]
	at org.hibernate.collection.spi.PersistentSet.hashCode(PersistentSet.java:413) ~[hibernate-core-6.3.1.Final.jar:6.3.1.Final]
	at com.belleza.pos.entity.Articulo.hashCode(Articulo.java:23) ~[classes/:na]
	at com.belleza.pos.entity.ArticuloPrecio.hashCode(ArticuloPrecio.java:17) ~[classes/:na]
	at java.base/java.util.AbstractSet.hashCode(AbstractSet.java:124) ~[na:na]
	at org.hibernate.collection.spi.PersistentSet.hashCode(PersistentSet.java:413) ~[hibernate-core-6.3.1.Final.jar:6.3.1.Final]
	at com.belleza.pos.entity.Articulo.hashCode(Articulo.java:23) ~[classes/:na]
	at com.belleza.pos.entity.ArticuloPrecio.hashCode(ArticuloPrecio.java:17) ~[classes/:na]
	at java.base/java.util.AbstractSet.hashCode(AbstractSet.java:124) ~[na:na]
	at org.hibernate.collection.spi.PersistentSet.hashCode(PersistentSet.java:413) ~[hibernate-core-6.3.1.Final.jar:6.3.1.Final]
	at com.belleza.pos.entity.Articulo.hashCode(Articulo.java:23) ~[classes/:na]
	at com.belleza.pos.entity.ArticuloPrecio.hashCode(ArticuloPrecio.java:17) ~[classes/:na]
	at java.base/java.util.AbstractSet.hashCode(AbstractSet.java:124) ~[na:na]
	at org.hibernate.collection.spi.PersistentSet.hashCode(PersistentSet.java:413) ~[hibernate-core-6.3.1.Final.jar:6.3.1.Final]
	at com.belleza.pos.entity.Articulo.hashCode(Articulo.java:23) ~[classes/:na]
	at com.belleza.pos.entity.ArticuloPrecio.hashCode(ArticuloPrecio.java:17) ~[classes/:na]
	at java.base/java.util.AbstractSet.hashCode(AbstractSet.java:124) ~[na:na]
	at org.hibernate.collection.spi.PersistentSet.hashCode(PersistentSet.java:413) ~[hibernate-core-6.3.1.Final.jar:6.3.1.Final]
	at com.belleza.pos.entity.Articulo.hashCode(Articulo.java:23) ~[classes/:na]
	at com.belleza.pos.entity.ArticuloPrecio.hashCode(ArticuloPrecio.java:17) ~[classes/:na]
	at java.base/java.util.AbstractSet.hashCode(AbstractSet.java:124) ~[na:na]
	at org.hibernate.collection.spi.PersistentSet.hashCode(PersistentSet.java:413) ~[hibernate-core-6.3.1.Final.jar:6.3.1.Final]
	at com.belleza.pos.entity.Articulo.hashCode(Articulo.java:23) ~[classes/:na]
	at com.belleza.pos.entity.ArticuloPrecio.hashCode(ArticuloPrecio.java:17) ~[classes/:na]
	at java.base/java.util.AbstractSet.hashCode(AbstractSet.java:124) ~[na:na]
	at org.hibernate.collection.spi.PersistentSet.hashCode(PersistentSet.java:413) ~[hibernate-core-6.3.1.Final.jar:6.3.1.Final]
	at com.belleza.pos.entity.Articulo.hashCode(Articulo.java:23) ~[classes/:na]
	at com.belleza.pos.entity.ArticuloPrecio.hashCode(ArticuloPrecio.java:17) ~[classes/:na]
	at java.base/java.util.AbstractSet.hashCode(AbstractSet.java:124) ~[na:na]
	at org.hibernate.collection.spi.PersistentSet.hashCode(PersistentSet.java:413) ~[hibernate-core-6.3.1.Final.jar:6.3.1.Final]
	at com.belleza.pos.entity.Articulo.hashCode(Articulo.java:23) ~[classes/:na]
	at com.belleza.pos.entity.ArticuloPrecio.hashCode(ArticuloPrecio.java:17) ~[classes/:na]
	at java.base/java.util.AbstractSet.hashCode(AbstractSet.java:124) ~[na:na]
	at org.hibernate.collection.spi.PersistentSet.hashCode(PersistentSet.java:413) ~[hibernate-core-6.3.1.Final.jar:6.3.1.Final]
	at com.belleza.pos.entity.Articulo.hashCode(Articulo.java:23) ~[classes/:na]
	at com.belleza.pos.entity.ArticuloPrecio.hashCode(ArticuloPrecio.java:17) ~[classes/:na]
	at java.base/java.util.AbstractSet.hashCode(AbstractSet.java:124) ~[na:na]
	at org.hibernate.collection.spi.PersistentSet.hashCode(PersistentSet.java:413) ~[hibernate-core-6.3.1.Final.jar:6.3.1.Final]
	at com.belleza.pos.entity.Articulo.hashCode(Articulo.java:23) ~[classes/:na]
	at com.belleza.pos.entity.ArticuloPrecio.hashCode(ArticuloPrecio.java:17) ~[classes/:na]
	at java.base/java.util.AbstractSet.hashCode(AbstractSet.java:124) ~[na:na]
	at org.hibernate.collection.spi.PersistentSet.hashCode(PersistentSet.java:413) ~[hibernate-core-6.3.1.Final.jar:6.3.1.Final]
	at com.belleza.pos.entity.Articulo.hashCode(Articulo.java:23) ~[classes/:na]
	at com.belleza.pos.entity.ArticuloPrecio.hashCode(ArticuloPrecio.java:17) ~[classes/:na]
	at java.base/java.util.AbstractSet.hashCode(AbstractSet.java:124) ~[na:na]
	at org.hibernate.collection.spi.PersistentSet.hashCode(PersistentSet.java:413) ~[hibernate-core-6.3.1.Final.jar:6.3.1.Final]
	at com.belleza.pos.entity.Articulo.hashCode(Articulo.java:23) ~[classes/:na]
	at com.belleza.pos.entity.ArticuloPrecio.hashCode(ArticuloPrecio.java:17) ~[classes/:na]
	at java.base/java.util.AbstractSet.hashCode(AbstractSet.java:124) ~[na:na]
	at org.hibernate.collection.spi.PersistentSet.hashCode(PersistentSet.java:413) ~[hibernate-core-6.3.1.Final.jar:6.3.1.Final]
	at com.belleza.pos.entity.Articulo.hashCode(Articulo.java:23) ~[classes/:na]
	at com.belleza.pos.entity.ArticuloPrecio.hashCode(ArticuloPrecio.java:17) ~[classes/:na]
	at java.base/java.util.AbstractSet.hashCode(AbstractSet.java:124) ~[na:na]
	at org.hibernate.collection.spi.PersistentSet.hashCode(PersistentSet.java:413) ~[hibernate-core-6.3.1.Final.jar:6.3.1.Final]
	at com.belleza.pos.entity.Articulo.hashCode(Articulo.java:23) ~[classes/:na]
	at com.belleza.pos.entity.ArticuloPrecio.hashCode(ArticuloPrecio.java:17) ~[classes/:na]
	at java.base/java.util.AbstractSet.hashCode(AbstractSet.java:124) ~[na:na]
	at org.hibernate.collection.spi.PersistentSet.hashCode(PersistentSet.java:413) ~[hibernate-core-6.3.1.Final.jar:6.3.1.Final]
	at com.belleza.pos.entity.Articulo.hashCode(Articulo.java:23) ~[classes/:na]
	at com.belleza.pos.entity.ArticuloPrecio.hashCode(ArticuloPrecio.java:17) ~[classes/:na]
	at java.base/java.util.AbstractSet.hashCode(AbstractSet.java:124) ~[na:na]
	at org.hibernate.collection.spi.PersistentSet.hashCode(PersistentSet.java:413) ~[hibernate-core-6.3.1.Final.jar:6.3.1.Final]
	at com.belleza.pos.entity.Articulo.hashCode(Articulo.java:23) ~[classes/:na]
	at com.belleza.pos.entity.ArticuloPrecio.hashCode(ArticuloPrecio.java:17) ~[classes/:na]
	at java.base/java.util.AbstractSet.hashCode(AbstractSet.java:124) ~[na:na]
	at org.hibernate.collection.spi.PersistentSet.hashCode(PersistentSet.java:413) ~[hibernate-core-6.3.1.Final.jar:6.3.1.Final]
	at com.belleza.pos.entity.Articulo.hashCode(Articulo.java:23) ~[classes/:na]
	at com.belleza.pos.entity.ArticuloPrecio.hashCode(ArticuloPrecio.java:17) ~[classes/:na]
	at java.base/java.util.AbstractSet.hashCode(AbstractSet.java:124) ~[na:na]
	at org.hibernate.collection.spi.PersistentSet.hashCode(PersistentSet.java:413) ~[hibernate-core-6.3.1.Final.jar:6.3.1.Final]
	at com.belleza.pos.entity.Articulo.hashCode(Articulo.java:23) ~[classes/:na]
	at com.belleza.pos.entity.ArticuloPrecio.hashCode(ArticuloPrecio.java:17) ~[classes/:na]
	at java.base/java.util.AbstractSet.hashCode(AbstractSet.java:124) ~[na:na]
	at org.hibernate.collection.spi.PersistentSet.hashCode(PersistentSet.java:413) ~[hibernate-core-6.3.1.Final.jar:6.3.1.Final]
	at com.belleza.pos.entity.Articulo.hashCode(Articulo.java:23) ~[classes/:na]
	at com.belleza.pos.entity.ArticuloPrecio.hashCode(ArticuloPrecio.java:17) ~[classes/:na]
	at java.base/java.util.AbstractSet.hashCode(AbstractSet.java:124) ~[na:na]
	at org.hibernate.collection.spi.PersistentSet.hashCode(PersistentSet.java:413) ~[hibernate-core-6.3.1.Final.jar:6.3.1.Final]
	at com.belleza.pos.entity.Articulo.hashCode(Articulo.java:23) ~[classes/:na]
	at com.belleza.pos.entity.ArticuloPrecio.hashCode(ArticuloPrecio.java:17) ~[classes/:na]
	at java.base/java.util.AbstractSet.hashCode(AbstractSet.java:124) ~[na:na]
	at org.hibernate.collection.spi.PersistentSet.hashCode(PersistentSet.java:413) ~[hibernate-core-6.3.1.Final.jar:6.3.1.Final]
	at com.belleza.pos.entity.Articulo.hashCode(Articulo.java:23) ~[classes/:na]
	at com.belleza.pos.entity.ArticuloPrecio.hashCode(ArticuloPrecio.java:17) ~[classes/:na]
	at java.base/java.util.AbstractSet.hashCode(AbstractSet.java:124) ~[na:na]
	at org.hibernate.collection.spi.PersistentSet.hashCode(PersistentSet.java:413) ~[hibernate-core-6.3.1.Final.jar:6.3.1.Final]
	at com.belleza.pos.entity.Articulo.hashCode(Articulo.java:23) ~[classes/:na]
	at com.belleza.pos.entity.ArticuloPrecio.hashCode(ArticuloPrecio.java:17) ~[classes/:na]
	at java.base/java.util.AbstractSet.hashCode(AbstractSet.java:124) ~[na:na]
	at org.hibernate.collection.spi.PersistentSet.hashCode(PersistentSet.java:413) ~[hibernate-core-6.3.1.Final.jar:6.3.1.Final]
	at com.belleza.pos.entity.Articulo.hashCode(Articulo.java:23) ~[classes/:na]
	at com.belleza.pos.entity.ArticuloPrecio.hashCode(ArticuloPrecio.java:17) ~[classes/:na]
	at java.base/java.util.AbstractSet.hashCode(AbstractSet.java:124) ~[na:na]
	at org.hibernate.collection.spi.PersistentSet.hashCode(PersistentSet.java:413) ~[hibernate-core-6.3.1.Final.jar:6.3.1.Final]
	at com.belleza.pos.entity.Articulo.hashCode(Articulo.java:23) ~[classes/:na]
	at com.belleza.pos.entity.ArticuloPrecio.hashCode(ArticuloPrecio.java:17) ~[classes/:na]
	at java.base/java.util.AbstractSet.hashCode(AbstractSet.java:124) ~[na:na]
	at org.hibernate.collection.spi.PersistentSet.hashCode(PersistentSet.java:413) ~[hibernate-core-6.3.1.Final.jar:6.3.1.Final]
	at com.belleza.pos.entity.Articulo.hashCode(Articulo.java:23) ~[classes/:na]
	at com.belleza.pos.entity.ArticuloPrecio.hashCode(ArticuloPrecio.java:17) ~[classes/:na]
	at java.base/java.util.AbstractSet.hashCode(AbstractSet.java:124) ~[na:na]
	at org.hibernate.collection.spi.PersistentSet.hashCode(PersistentSet.java:413) ~[hibernate-core-6.3.1.Final.jar:6.3.1.Final]
	at com.belleza.pos.entity.Articulo.hashCode(Articulo.java:23) ~[classes/:na]
	at com.belleza.pos.entity.ArticuloPrecio.hashCode(ArticuloPrecio.java:17) ~[classes/:na]
	at java.base/java.util.AbstractSet.hashCode(AbstractSet.java:124) ~[na:na]
	at org.hibernate.collection.spi.PersistentSet.hashCode(PersistentSet.java:413) ~[hibernate-core-6.3.1.Final.jar:6.3.1.Final]
	at com.belleza.pos.entity.Articulo.hashCode(Articulo.java:23) ~[classes/:na]
	at com.belleza.pos.entity.ArticuloPrecio.hashCode(ArticuloPrecio.java:17) ~[classes/:na]
	at java.base/java.util.AbstractSet.hashCode(AbstractSet.java:124) ~[na:na]
	at org.hibernate.collection.spi.PersistentSet.hashCode(PersistentSet.java:413) ~[hibernate-core-6.3.1.Final.jar:6.3.1.Final]
	at com.belleza.pos.entity.Articulo.hashCode(Articulo.java:23) ~[classes/:na]
	at com.belleza.pos.entity.ArticuloPrecio.hashCode(ArticuloPrecio.java:17) ~[classes/:na]
	at java.base/java.util.AbstractSet.hashCode(AbstractSet.java:124) ~[na:na]
	at org.hibernate.collection.spi.PersistentSet.hashCode(PersistentSet.java:413) ~[hibernate-core-6.3.1.Final.jar:6.3.1.Final]
	at com.belleza.pos.entity.Articulo.hashCode(Articulo.java:23) ~[classes/:na]
	at com.belleza.pos.entity.ArticuloPrecio.hashCode(ArticuloPrecio.java:17) ~[classes/:na]
	at java.base/java.util.AbstractSet.hashCode(AbstractSet.java:124) ~[na:na]
	at org.hibernate.collection.spi.PersistentSet.hashCode(PersistentSet.java:413) ~[hibernate-core-6.3.1.Final.jar:6.3.1.Final]
	at com.belleza.pos.entity.Articulo.hashCode(Articulo.java:23) ~[classes/:na]
	at com.belleza.pos.entity.ArticuloPrecio.hashCode(ArticuloPrecio.java:17) ~[classes/:na]
	at java.base/java.util.AbstractSet.hashCode(AbstractSet.java:124) ~[na:na]
	at org.hibernate.collection.spi.PersistentSet.hashCode(PersistentSet.java:413) ~[hibernate-core-6.3.1.Final.jar:6.3.1.Final]
	at com.belleza.pos.entity.Articulo.hashCode(Articulo.java:23) ~[classes/:na]
	at com.belleza.pos.entity.ArticuloPrecio.hashCode(ArticuloPrecio.java:17) ~[classes/:na]
	at java.base/java.util.AbstractSet.hashCode(AbstractSet.java:124) ~[na:na]
	at org.hibernate.collection.spi.PersistentSet.hashCode(PersistentSet.java:413) ~[hibernate-core-6.3.1.Final.jar:6.3.1.Final]
	at com.belleza.pos.entity.Articulo.hashCode(Articulo.java:23) ~[classes/:na]
	at com.belleza.pos.entity.ArticuloPrecio.hashCode(ArticuloPrecio.java:17) ~[classes/:na]
	at java.base/java.util.AbstractSet.hashCode(AbstractSet.java:124) ~[na:na]
	at org.hibernate.collection.spi.PersistentSet.hashCode(PersistentSet.java:413) ~[hibernate-core-6.3.1.Final.jar:6.3.1.Final]
	at com.belleza.pos.entity.Articulo.hashCode(Articulo.java:23) ~[classes/:na]
	at com.belleza.pos.entity.ArticuloPrecio.hashCode(ArticuloPrecio.java:17) ~[classes/:na]
	at java.base/java.util.AbstractSet.hashCode(AbstractSet.java:124) ~[na:na]
	at org.hibernate.collection.spi.PersistentSet.hashCode(PersistentSet.java:413) ~[hibernate-core-6.3.1.Final.jar:6.3.1.Final]
	at com.belleza.pos.entity.Articulo.hashCode(Articulo.java:23) ~[classes/:na]
	at com.belleza.pos.entity.ArticuloPrecio.hashCode(ArticuloPrecio.java:17) ~[classes/:na]
	at java.base/java.util.AbstractSet.hashCode(AbstractSet.java:124) ~[na:na]
	at org.hibernate.collection.spi.PersistentSet.hashCode(PersistentSet.java:413) ~[hibernate-core-6.3.1.Final.jar:6.3.1.Final]
	at com.belleza.pos.entity.Articulo.hashCode(Articulo.java:23) ~[classes/:na]
	at com.belleza.pos.entity.ArticuloPrecio.hashCode(ArticuloPrecio.java:17) ~[classes/:na]
	at java.base/java.util.AbstractSet.hashCode(AbstractSet.java:124) ~[na:na]
	at org.hibernate.collection.spi.PersistentSet.hashCode(PersistentSet.java:413) ~[hibernate-core-6.3.1.Final.jar:6.3.1.Final]
	at com.belleza.pos.entity.Articulo.hashCode(Articulo.java:23) ~[classes/:na]
	at com.belleza.pos.entity.ArticuloPrecio.hashCode(ArticuloPrecio.java:17) ~[classes/:na]
	at java.base/java.util.AbstractSet.hashCode(AbstractSet.java:124) ~[na:na]
	at org.hibernate.collection.spi.PersistentSet.hashCode(PersistentSet.java:413) ~[hibernate-core-6.3.1.Final.jar:6.3.1.Final]
	at com.belleza.pos.entity.Articulo.hashCode(Articulo.java:23) ~[classes/:na]
	at com.belleza.pos.entity.ArticuloPrecio.hashCode(ArticuloPrecio.java:17) ~[classes/:na]
	at java.base/java.util.AbstractSet.hashCode(AbstractSet.java:124) ~[na:na]
	at org.hibernate.collection.spi.PersistentSet.hashCode(PersistentSet.java:413) ~[hibernate-core-6.3.1.Final.jar:6.3.1.Final]
	at com.belleza.pos.entity.Articulo.hashCode(Articulo.java:23) ~[classes/:na]
	at com.belleza.pos.entity.ArticuloPrecio.hashCode(ArticuloPrecio.java:17) ~[classes/:na]
	at java.base/java.util.AbstractSet.hashCode(AbstractSet.java:124) ~[na:na]
	at org.hibernate.collection.spi.PersistentSet.hashCode(PersistentSet.java:413) ~[hibernate-core-6.3.1.Final.jar:6.3.1.Final]
	at com.belleza.pos.entity.Articulo.hashCode(Articulo.java:23) ~[classes/:na]
	at com.belleza.pos.entity.ArticuloPrecio.hashCode(ArticuloPrecio.java:17) ~[classes/:na]
	at java.base/java.util.AbstractSet.hashCode(AbstractSet.java:124) ~[na:na]
	at org.hibernate.collection.spi.PersistentSet.hashCode(PersistentSet.java:413) ~[hibernate-core-6.3.1.Final.jar:6.3.1.Final]
	at com.belleza.pos.entity.Articulo.hashCode(Articulo.java:23) ~[classes/:na]
	at com.belleza.pos.entity.ArticuloPrecio.hashCode(ArticuloPrecio.java:17) ~[classes/:na]
	at java.base/java.util.AbstractSet.hashCode(AbstractSet.java:124) ~[na:na]
	at org.hibernate.collection.spi.PersistentSet.hashCode(PersistentSet.java:413) ~[hibernate-core-6.3.1.Final.jar:6.3.1.Final]
	at com.belleza.pos.entity.Articulo.hashCode(Articulo.java:23) ~[classes/:na]
	at com.belleza.pos.entity.ArticuloPrecio.hashCode(ArticuloPrecio.java:17) ~[classes/:na]
	at java.base/java.util.AbstractSet.hashCode(AbstractSet.java:124) ~[na:na]
	at org.hibernate.collection.spi.PersistentSet.hashCode(PersistentSet.java:413) ~[hibernate-core-6.3.1.Final.jar:6.3.1.Final]
	at com.belleza.pos.entity.Articulo.hashCode(Articulo.java:23) ~[classes/:na]
	at com.belleza.pos.entity.ArticuloPrecio.hashCode(ArticuloPrecio.java:17) ~[classes/:na]
	at java.base/java.util.AbstractSet.hashCode(AbstractSet.java:124) ~[na:na]
	at org.hibernate.collection.spi.PersistentSet.hashCode(PersistentSet.java:413) ~[hibernate-core-6.3.1.Final.jar:6.3.1.Final]
	at com.belleza.pos.entity.Articulo.hashCode(Articulo.java:23) ~[classes/:na]
	at com.belleza.pos.entity.ArticuloPrecio.hashCode(ArticuloPrecio.java:17) ~[classes/:na]
	at java.base/java.util.AbstractSet.hashCode(AbstractSet.java:124) ~[na:na]
	at org.hibernate.collection.spi.PersistentSet.hashCode(PersistentSet.java:413) ~[hibernate-core-6.3.1.Final.jar:6.3.1.Final]
	at com.belleza.pos.entity.Articulo.hashCode(Articulo.java:23) ~[classes/:na]
	at com.belleza.pos.entity.ArticuloPrecio.hashCode(ArticuloPrecio.java:17) ~[classes/:na]
	at java.base/java.util.AbstractSet.hashCode(AbstractSet.java:124) ~[na:na]
	at org.hibernate.collection.spi.PersistentSet.hashCode(PersistentSet.java:413) ~[hibernate-core-6.3.1.Final.jar:6.3.1.Final]
	at com.belleza.pos.entity.Articulo.hashCode(Articulo.java:23) ~[classes/:na]
	at com.belleza.pos.entity.ArticuloPrecio.hashCode(ArticuloPrecio.java:17) ~[classes/:na]
	at java.base/java.util.AbstractSet.hashCode(AbstractSet.java:124) ~[na:na]
	at org.hibernate.collection.spi.PersistentSet.hashCode(PersistentSet.java:413) ~[hibernate-core-6.3.1.Final.jar:6.3.1.Final]
	at com.belleza.pos.entity.Articulo.hashCode(Articulo.java:23) ~[classes/:na]
	at com.belleza.pos.entity.ArticuloPrecio.hashCode(ArticuloPrecio.java:17) ~[classes/:na]
	at java.base/java.util.AbstractSet.hashCode(AbstractSet.java:124) ~[na:na]
	at org.hibernate.collection.spi.PersistentSet.hashCode(PersistentSet.java:413) ~[hibernate-core-6.3.1.Final.jar:6.3.1.Final]
	at com.belleza.pos.entity.Articulo.hashCode(Articulo.java:23) ~[classes/:na]
	at com.belleza.pos.entity.ArticuloPrecio.hashCode(ArticuloPrecio.java:17) ~[classes/:na]
	at java.base/java.util.AbstractSet.hashCode(AbstractSet.java:124) ~[na:na]
	at org.hibernate.collection.spi.PersistentSet.hashCode(PersistentSet.java:413) ~[hibernate-core-6.3.1.Final.jar:6.3.1.Final]
	at com.belleza.pos.entity.Articulo.hashCode(Articulo.java:23) ~[classes/:na]
	at com.belleza.pos.entity.ArticuloPrecio.hashCode(ArticuloPrecio.java:17) ~[classes/:na]
	at java.base/java.util.AbstractSet.hashCode(AbstractSet.java:124) ~[na:na]
	at org.hibernate.collection.spi.PersistentSet.hashCode(PersistentSet.java:413) ~[hibernate-core-6.3.1.Final.jar:6.3.1.Final]
	at com.belleza.pos.entity.Articulo.hashCode(Articulo.java:23) ~[classes/:na]
	at com.belleza.pos.entity.ArticuloPrecio.hashCode(ArticuloPrecio.java:17) ~[classes/:na]
	at java.base/java.util.AbstractSet.hashCode(AbstractSet.java:124) ~[na:na]
	at org.hibernate.collection.spi.PersistentSet.hashCode(PersistentSet.java:413) ~[hibernate-core-6.3.1.Final.jar:6.3.1.Final]
	at com.belleza.pos.entity.Articulo.hashCode(Articulo.java:23) ~[classes/:na]
	at com.belleza.pos.entity.ArticuloPrecio.hashCode(ArticuloPrecio.java:17) ~[classes/:na]
	at java.base/java.util.AbstractSet.hashCode(AbstractSet.java:124) ~[na:na]
	at org.hibernate.collection.spi.PersistentSet.hashCode(PersistentSet.java:413) ~[hibernate-core-6.3.1.Final.jar:6.3.1.Final]
	at com.belleza.pos.entity.Articulo.hashCode(Articulo.java:23) ~[classes/:na]
	at com.belleza.pos.entity.ArticuloPrecio.hashCode(ArticuloPrecio.java:17) ~[classes/:na]
	at java.base/java.util.AbstractSet.hashCode(AbstractSet.java:124) ~[na:na]
	at org.hibernate.collection.spi.PersistentSet.hashCode(PersistentSet.java:413) ~[hibernate-core-6.3.1.Final.jar:6.3.1.Final]
	at com.belleza.pos.entity.Articulo.hashCode(Articulo.java:23) ~[classes/:na]
	at com.belleza.pos.entity.ArticuloPrecio.hashCode(ArticuloPrecio.java:17) ~[classes/:na]
	at java.base/java.util.AbstractSet.hashCode(AbstractSet.java:124) ~[na:na]
	at org.hibernate.collection.spi.PersistentSet.hashCode(PersistentSet.java:413) ~[hibernate-core-6.3.1.Final.jar:6.3.1.Final]
	at com.belleza.pos.entity.Articulo.hashCode(Articulo.java:23) ~[classes/:na]
	at com.belleza.pos.entity.ArticuloPrecio.hashCode(ArticuloPrecio.java:17) ~[classes/:na]
	at java.base/java.util.AbstractSet.hashCode(AbstractSet.java:124) ~[na:na]
	at org.hibernate.collection.spi.PersistentSet.hashCode(PersistentSet.java:413) ~[hibernate-core-6.3.1.Final.jar:6.3.1.Final]
	at com.belleza.pos.entity.Articulo.hashCode(Articulo.java:23) ~[classes/:na]
	at com.belleza.pos.entity.ArticuloPrecio.hashCode(ArticuloPrecio.java:17) ~[classes/:na]
	at java.base/java.util.AbstractSet.hashCode(AbstractSet.java:124) ~[na:na]
	at org.hibernate.collection.spi.PersistentSet.hashCode(PersistentSet.java:413) ~[hibernate-core-6.3.1.Final.jar:6.3.1.Final]
	at com.belleza.pos.entity.Articulo.hashCode(Articulo.java:23) ~[classes/:na]
	at com.belleza.pos.entity.ArticuloPrecio.hashCode(ArticuloPrecio.java:17) ~[classes/:na]
	at java.base/java.util.AbstractSet.hashCode(AbstractSet.java:124) ~[na:na]
	at org.hibernate.collection.spi.PersistentSet.hashCode(PersistentSet.java:413) ~[hibernate-core-6.3.1.Final.jar:6.3.1.Final]
	at com.belleza.pos.entity.Articulo.hashCode(Articulo.java:23) ~[classes/:na]
	at com.belleza.pos.entity.ArticuloPrecio.hashCode(ArticuloPrecio.java:17) ~[classes/:na]
	at java.base/java.util.AbstractSet.hashCode(AbstractSet.java:124) ~[na:na]
	at org.hibernate.collection.spi.PersistentSet.hashCode(PersistentSet.java:413) ~[hibernate-core-6.3.1.Final.jar:6.3.1.Final]
	at com.belleza.pos.entity.Articulo.hashCode(Articulo.java:23) ~[classes/:na]
	at com.belleza.pos.entity.ArticuloPrecio.hashCode(ArticuloPrecio.java:17) ~[classes/:na]
	at java.base/java.util.AbstractSet.hashCode(AbstractSet.java:124) ~[na:na]
	at org.hibernate.collection.spi.PersistentSet.hashCode(PersistentSet.java:413) ~[hibernate-core-6.3.1.Final.jar:6.3.1.Final]
	at com.belleza.pos.entity.Articulo.hashCode(Articulo.java:23) ~[classes/:na]
	at com.belleza.pos.entity.ArticuloPrecio.hashCode(ArticuloPrecio.java:17) ~[classes/:na]
	at java.base/java.util.AbstractSet.hashCode(AbstractSet.java:124) ~[na:na]
	at org.hibernate.collection.spi.PersistentSet.hashCode(PersistentSet.java:413) ~[hibernate-core-6.3.1.Final.jar:6.3.1.Final]
	at com.belleza.pos.entity.Articulo.hashCode(Articulo.java:23) ~[classes/:na]
	at com.belleza.pos.entity.ArticuloPrecio.hashCode(ArticuloPrecio.java:17) ~[classes/:na]
	at java.base/java.util.AbstractSet.hashCode(AbstractSet.java:124) ~[na:na]
	at org.hibernate.collection.spi.PersistentSet.hashCode(PersistentSet.java:413) ~[hibernate-core-6.3.1.Final.jar:6.3.1.Final]
	at com.belleza.pos.entity.Articulo.hashCode(Articulo.java:23) ~[classes/:na]
	at com.belleza.pos.entity.ArticuloPrecio.hashCode(ArticuloPrecio.java:17) ~[classes/:na]
	at java.base/java.util.AbstractSet.hashCode(AbstractSet.java:124) ~[na:na]
	at org.hibernate.collection.spi.PersistentSet.hashCode(PersistentSet.java:413) ~[hibernate-core-6.3.1.Final.jar:6.3.1.Final]
	at com.belleza.pos.entity.Articulo.hashCode(Articulo.java:23) ~[classes/:na]
	at com.belleza.pos.entity.ArticuloPrecio.hashCode(ArticuloPrecio.java:17) ~[classes/:na]
	at java.base/java.util.AbstractSet.hashCode(AbstractSet.java:124) ~[na:na]
	at org.hibernate.collection.spi.PersistentSet.hashCode(PersistentSet.java:413) ~[hibernate-core-6.3.1.Final.jar:6.3.1.Final]
	at com.belleza.pos.entity.Articulo.hashCode(Articulo.java:23) ~[classes/:na]
	at com.belleza.pos.entity.ArticuloPrecio.hashCode(ArticuloPrecio.java:17) ~[classes/:na]
	at java.base/java.util.AbstractSet.hashCode(AbstractSet.java:124) ~[na:na]
	at org.hibernate.collection.spi.PersistentSet.hashCode(PersistentSet.java:413) ~[hibernate-core-6.3.1.Final.jar:6.3.1.Final]
	at com.belleza.pos.entity.Articulo.hashCode(Articulo.java:23) ~[classes/:na]
	at com.belleza.pos.entity.ArticuloPrecio.hashCode(ArticuloPrecio.java:17) ~[classes/:na]
	at java.base/java.util.AbstractSet.hashCode(AbstractSet.java:124) ~[na:na]
	at org.hibernate.collection.spi.PersistentSet.hashCode(PersistentSet.java:413) ~[hibernate-core-6.3.1.Final.jar:6.3.1.Final]
	at com.belleza.pos.entity.Articulo.hashCode(Articulo.java:23) ~[classes/:na]
	at com.belleza.pos.entity.ArticuloPrecio.hashCode(ArticuloPrecio.java:17) ~[classes/:na]
	at java.base/java.util.AbstractSet.hashCode(AbstractSet.java:124) ~[na:na]
	at org.hibernate.collection.spi.PersistentSet.hashCode(PersistentSet.java:413) ~[hibernate-core-6.3.1.Final.jar:6.3.1.Final]
	at com.belleza.pos.entity.Articulo.hashCode(Articulo.java:23) ~[classes/:na]
	at com.belleza.pos.entity.ArticuloPrecio.hashCode(ArticuloPrecio.java:17) ~[classes/:na]
	at java.base/java.util.AbstractSet.hashCode(AbstractSet.java:124) ~[na:na]
	at org.hibernate.collection.spi.PersistentSet.hashCode(PersistentSet.java:413) ~[hibernate-core-6.3.1.Final.jar:6.3.1.Final]
	at com.belleza.pos.entity.Articulo.hashCode(Articulo.java:23) ~[classes/:na]
	at com.belleza.pos.entity.ArticuloPrecio.hashCode(ArticuloPrecio.java:17) ~[classes/:na]
	at java.base/java.util.AbstractSet.hashCode(AbstractSet.java:124) ~[na:na]
	at org.hibernate.collection.spi.PersistentSet.hashCode(PersistentSet.java:413) ~[hibernate-core-6.3.1.Final.jar:6.3.1.Final]
	at com.belleza.pos.entity.Articulo.hashCode(Articulo.java:23) ~[classes/:na]
	at com.belleza.pos.entity.ArticuloPrecio.hashCode(ArticuloPrecio.java:17) ~[classes/:na]
	at java.base/java.util.AbstractSet.hashCode(AbstractSet.java:124) ~[na:na]
	at org.hibernate.collection.spi.PersistentSet.hashCode(PersistentSet.java:413) ~[hibernate-core-6.3.1.Final.jar:6.3.1.Final]
	at com.belleza.pos.entity.Articulo.hashCode(Articulo.java:23) ~[classes/:na]
	at com.belleza.pos.entity.ArticuloPrecio.hashCode(ArticuloPrecio.java:17) ~[classes/:na]
	at java.base/java.util.AbstractSet.hashCode(AbstractSet.java:124) ~[na:na]
	at org.hibernate.collection.spi.PersistentSet.hashCode(PersistentSet.java:413) ~[hibernate-core-6.3.1.Final.jar:6.3.1.Final]
	at com.belleza.pos.entity.Articulo.hashCode(Articulo.java:23) ~[classes/:na]
	at com.belleza.pos.entity.ArticuloPrecio.hashCode(ArticuloPrecio.java:17) ~[classes/:na]
	at java.base/java.util.AbstractSet.hashCode(AbstractSet.java:124) ~[na:na]
	at org.hibernate.collection.spi.PersistentSet.hashCode(PersistentSet.java:413) ~[hibernate-core-6.3.1.Final.jar:6.3.1.Final]
	at com.belleza.pos.entity.Articulo.hashCode(Articulo.java:23) ~[classes/:na]
	at com.belleza.pos.entity.ArticuloPrecio.hashCode(ArticuloPrecio.java:17) ~[classes/:na]
	at java.base/java.util.AbstractSet.hashCode(AbstractSet.java:124) ~[na:na]
	at org.hibernate.collection.spi.PersistentSet.hashCode(PersistentSet.java:413) ~[hibernate-core-6.3.1.Final.jar:6.3.1.Final]
	at com.belleza.pos.entity.Articulo.hashCode(Articulo.java:23) ~[classes/:na]
	at com.belleza.pos.entity.ArticuloPrecio.hashCode(ArticuloPrecio.java:17) ~[classes/:na]
	at java.base/java.util.AbstractSet.hashCode(AbstractSet.java:124) ~[na:na]
	at org.hibernate.collection.spi.PersistentSet.hashCode(PersistentSet.java:413) ~[hibernate-core-6.3.1.Final.jar:6.3.1.Final]
	at com.belleza.pos.entity.Articulo.hashCode(Articulo.java:23) ~[classes/:na]
	at com.belleza.pos.entity.ArticuloPrecio.hashCode(ArticuloPrecio.java:17) ~[classes/:na]
	at java.base/java.util.AbstractSet.hashCode(AbstractSet.java:124) ~[na:na]
	at org.hibernate.collection.spi.PersistentSet.hashCode(PersistentSet.java:413) ~[hibernate-core-6.3.1.Final.jar:6.3.1.Final]
	at com.belleza.pos.entity.Articulo.hashCode(Articulo.java:23) ~[classes/:na]
	at com.belleza.pos.entity.ArticuloPrecio.hashCode(ArticuloPrecio.java:17) ~[classes/:na]
	at java.base/java.util.AbstractSet.hashCode(AbstractSet.java:124) ~[na:na]
	at org.hibernate.collection.spi.PersistentSet.hashCode(PersistentSet.java:413) ~[hibernate-core-6.3.1.Final.jar:6.3.1.Final]
	at com.belleza.pos.entity.Articulo.hashCode(Articulo.java:23) ~[classes/:na]
	at com.belleza.pos.entity.ArticuloPrecio.hashCode(ArticuloPrecio.java:17) ~[classes/:na]
	at java.base/java.util.AbstractSet.hashCode(AbstractSet.java:124) ~[na:na]
	at org.hibernate.collection.spi.PersistentSet.hashCode(PersistentSet.java:413) ~[hibernate-core-6.3.1.Final.jar:6.3.1.Final]
	at com.belleza.pos.entity.Articulo.hashCode(Articulo.java:23) ~[classes/:na]
	at com.belleza.pos.entity.ArticuloPrecio.hashCode(ArticuloPrecio.java:17) ~[classes/:na]
	at java.base/java.util.AbstractSet.hashCode(AbstractSet.java:124) ~[na:na]
	at org.hibernate.collection.spi.PersistentSet.hashCode(PersistentSet.java:413) ~[hibernate-core-6.3.1.Final.jar:6.3.1.Final]
	at com.belleza.pos.entity.Articulo.hashCode(Articulo.java:23) ~[classes/:na]
	at com.belleza.pos.entity.ArticuloPrecio.hashCode(ArticuloPrecio.java:17) ~[classes/:na]
	at java.base/java.util.AbstractSet.hashCode(AbstractSet.java:124) ~[na:na]
	at org.hibernate.collection.spi.PersistentSet.hashCode(PersistentSet.java:413) ~[hibernate-core-6.3.1.Final.jar:6.3.1.Final]
	at com.belleza.pos.entity.Articulo.hashCode(Articulo.java:23) ~[classes/:na]
	at com.belleza.pos.entity.ArticuloPrecio.hashCode(ArticuloPrecio.java:17) ~[classes/:na]
	at java.base/java.util.AbstractSet.hashCode(AbstractSet.java:124) ~[na:na]
	at org.hibernate.collection.spi.PersistentSet.hashCode(PersistentSet.java:413) ~[hibernate-core-6.3.1.Final.jar:6.3.1.Final]
	at com.belleza.pos.entity.Articulo.hashCode(Articulo.java:23) ~[classes/:na]
	at com.belleza.pos.entity.ArticuloPrecio.hashCode(ArticuloPrecio.java:17) ~[classes/:na]
	at java.base/java.util.AbstractSet.hashCode(AbstractSet.java:124) ~[na:na]
	at org.hibernate.collection.spi.PersistentSet.hashCode(PersistentSet.java:413) ~[hibernate-core-6.3.1.Final.jar:6.3.1.Final]
	at com.belleza.pos.entity.Articulo.hashCode(Articulo.java:23) ~[classes/:na]
	at com.belleza.pos.entity.ArticuloPrecio.hashCode(ArticuloPrecio.java:17) ~[classes/:na]
	at java.base/java.util.AbstractSet.hashCode(AbstractSet.java:124) ~[na:na]
	at org.hibernate.collection.spi.PersistentSet.hashCode(PersistentSet.java:413) ~[hibernate-core-6.3.1.Final.jar:6.3.1.Final]
	at com.belleza.pos.entity.Articulo.hashCode(Articulo.java:23) ~[classes/:na]
	at com.belleza.pos.entity.ArticuloPrecio.hashCode(ArticuloPrecio.java:17) ~[classes/:na]
	at java.base/java.util.AbstractSet.hashCode(AbstractSet.java:124) ~[na:na]
	at org.hibernate.collection.spi.PersistentSet.hashCode(PersistentSet.java:413) ~[hibernate-core-6.3.1.Final.jar:6.3.1.Final]
	at com.belleza.pos.entity.Articulo.hashCode(Articulo.java:23) ~[classes/:na]
	at com.belleza.pos.entity.ArticuloPrecio.hashCode(ArticuloPrecio.java:17) ~[classes/:na]
	at java.base/java.util.AbstractSet.hashCode(AbstractSet.java:124) ~[na:na]
	at org.hibernate.collection.spi.PersistentSet.hashCode(PersistentSet.java:413) ~[hibernate-core-6.3.1.Final.jar:6.3.1.Final]
	at com.belleza.pos.entity.Articulo.hashCode(Articulo.java:23) ~[classes/:na]
	at com.belleza.pos.entity.ArticuloPrecio.hashCode(ArticuloPrecio.java:17) ~[classes/:na]
	at java.base/java.util.AbstractSet.hashCode(AbstractSet.java:124) ~[na:na]
	at org.hibernate.collection.spi.PersistentSet.hashCode(PersistentSet.java:413) ~[hibernate-core-6.3.1.Final.jar:6.3.1.Final]
	at com.belleza.pos.entity.Articulo.hashCode(Articulo.java:23) ~[classes/:na]
	at com.belleza.pos.entity.ArticuloPrecio.hashCode(ArticuloPrecio.java:17) ~[classes/:na]
	at java.base/java.util.AbstractSet.hashCode(AbstractSet.java:124) ~[na:na]
	at org.hibernate.collection.spi.PersistentSet.hashCode(PersistentSet.java:413) ~[hibernate-core-6.3.1.Final.jar:6.3.1.Final]
	at com.belleza.pos.entity.Articulo.hashCode(Articulo.java:23) ~[classes/:na]
	at com.belleza.pos.entity.ArticuloPrecio.hashCode(ArticuloPrecio.java:17) ~[classes/:na]
	at java.base/java.util.AbstractSet.hashCode(AbstractSet.java:124) ~[na:na]
	at org.hibernate.collection.spi.PersistentSet.hashCode(PersistentSet.java:413) ~[hibernate-core-6.3.1.Final.jar:6.3.1.Final]
	at com.belleza.pos.entity.Articulo.hashCode(Articulo.java:23) ~[classes/:na]
	at com.belleza.pos.entity.ArticuloPrecio.hashCode(ArticuloPrecio.java:17) ~[classes/:na]
	at java.base/java.util.AbstractSet.hashCode(AbstractSet.java:124) ~[na:na]
	at org.hibernate.collection.spi.PersistentSet.hashCode(PersistentSet.java:413) ~[hibernate-core-6.3.1.Final.jar:6.3.1.Final]
	at com.belleza.pos.entity.Articulo.hashCode(Articulo.java:23) ~[classes/:na]
	at com.belleza.pos.entity.ArticuloPrecio.hashCode(ArticuloPrecio.java:17) ~[classes/:na]
	at java.base/java.util.AbstractSet.hashCode(AbstractSet.java:124) ~[na:na]
	at org.hibernate.collection.spi.PersistentSet.hashCode(PersistentSet.java:413) ~[hibernate-core-6.3.1.Final.jar:6.3.1.Final]
	at com.belleza.pos.entity.Articulo.hashCode(Articulo.java:23) ~[classes/:na]
	at com.belleza.pos.entity.ArticuloPrecio.hashCode(ArticuloPrecio.java:17) ~[classes/:na]
	at java.base/java.util.AbstractSet.hashCode(AbstractSet.java:124) ~[na:na]
	at org.hibernate.collection.spi.PersistentSet.hashCode(PersistentSet.java:413) ~[hibernate-core-6.3.1.Final.jar:6.3.1.Final]
	at com.belleza.pos.entity.Articulo.hashCode(Articulo.java:23) ~[classes/:na]
	at com.belleza.pos.entity.ArticuloPrecio.hashCode(ArticuloPrecio.java:17) ~[classes/:na]
	at java.base/java.util.AbstractSet.hashCode(AbstractSet.java:124) ~[na:na]
	at org.hibernate.collection.spi.PersistentSet.hashCode(PersistentSet.java:413) ~[hibernate-core-6.3.1.Final.jar:6.3.1.Final]
	at com.belleza.pos.entity.Articulo.hashCode(Articulo.java:23) ~[classes/:na]
	at com.belleza.pos.entity.ArticuloPrecio.hashCode(ArticuloPrecio.java:17) ~[classes/:na]
	at java.base/java.util.AbstractSet.hashCode(AbstractSet.java:124) ~[na:na]
	at org.hibernate.collection.spi.PersistentSet.hashCode(PersistentSet.java:413) ~[hibernate-core-6.3.1.Final.jar:6.3.1.Final]
	at com.belleza.pos.entity.Articulo.hashCode(Articulo.java:23) ~[classes/:na]
	at com.belleza.pos.entity.ArticuloPrecio.hashCode(ArticuloPrecio.java:17) ~[classes/:na]
	at java.base/java.util.AbstractSet.hashCode(AbstractSet.java:124) ~[na:na]
	at org.hibernate.collection.spi.PersistentSet.hashCode(PersistentSet.java:413) ~[hibernate-core-6.3.1.Final.jar:6.3.1.Final]
	at com.belleza.pos.entity.Articulo.hashCode(Articulo.java:23) ~[classes/:na]
	at com.belleza.pos.entity.ArticuloPrecio.hashCode(ArticuloPrecio.java:17) ~[classes/:na]
	at java.base/java.util.AbstractSet.hashCode(AbstractSet.java:124) ~[na:na]
	at org.hibernate.collection.spi.PersistentSet.hashCode(PersistentSet.java:413) ~[hibernate-core-6.3.1.Final.jar:6.3.1.Final]
	at com.belleza.pos.entity.Articulo.hashCode(Articulo.java:23) ~[classes/:na]
	at com.belleza.pos.entity.ArticuloPrecio.hashCode(ArticuloPrecio.java:17) ~[classes/:na]
	at java.base/java.util.AbstractSet.hashCode(AbstractSet.java:124) ~[na:na]
	at org.hibernate.collection.spi.PersistentSet.hashCode(PersistentSet.java:413) ~[hibernate-core-6.3.1.Final.jar:6.3.1.Final]
	at com.belleza.pos.entity.Articulo.hashCode(Articulo.java:23) ~[classes/:na]
	at com.belleza.pos.entity.ArticuloPrecio.hashCode(ArticuloPrecio.java:17) ~[classes/:na]
	at java.base/java.util.AbstractSet.hashCode(AbstractSet.java:124) ~[na:na]
	at org.hibernate.collection.spi.PersistentSet.hashCode(PersistentSet.java:413) ~[hibernate-core-6.3.1.Final.jar:6.3.1.Final]
	at com.belleza.pos.entity.Articulo.hashCode(Articulo.java:23) ~[classes/:na]
	at com.belleza.pos.entity.ArticuloPrecio.hashCode(ArticuloPrecio.java:17) ~[classes/:na]
	at java.base/java.util.AbstractSet.hashCode(AbstractSet.java:124) ~[na:na]
	at org.hibernate.collection.spi.PersistentSet.hashCode(PersistentSet.java:413) ~[hibernate-core-6.3.1.Final.jar:6.3.1.Final]
	at com.belleza.pos.entity.Articulo.hashCode(Articulo.java:23) ~[classes/:na]
	at com.belleza.pos.entity.ArticuloPrecio.hashCode(ArticuloPrecio.java:17) ~[classes/:na]
	at java.base/java.util.AbstractSet.hashCode(AbstractSet.java:124) ~[na:na]
	at org.hibernate.collection.spi.PersistentSet.hashCode(PersistentSet.java:413) ~[hibernate-core-6.3.1.Final.jar:6.3.1.Final]
	at com.belleza.pos.entity.Articulo.hashCode(Articulo.java:23) ~[classes/:na]
	at com.belleza.pos.entity.ArticuloPrecio.hashCode(ArticuloPrecio.java:17) ~[classes/:na]
	at java.base/java.util.AbstractSet.hashCode(AbstractSet.java:124) ~[na:na]
	at org.hibernate.collection.spi.PersistentSet.hashCode(PersistentSet.java:413) ~[hibernate-core-6.3.1.Final.jar:6.3.1.Final]
	at com.belleza.pos.entity.Articulo.hashCode(Articulo.java:23) ~[classes/:na]
	at com.belleza.pos.entity.ArticuloPrecio.hashCode(ArticuloPrecio.java:17) ~[classes/:na]
	at java.base/java.util.AbstractSet.hashCode(AbstractSet.java:124) ~[na:na]
	at org.hibernate.collection.spi.PersistentSet.hashCode(PersistentSet.java:413) ~[hibernate-core-6.3.1.Final.jar:6.3.1.Final]
	at com.belleza.pos.entity.Articulo.hashCode(Articulo.java:23) ~[classes/:na]
	at com.belleza.pos.entity.ArticuloPrecio.hashCode(ArticuloPrecio.java:17) ~[classes/:na]
	at java.base/java.util.AbstractSet.hashCode(AbstractSet.java:124) ~[na:na]
	at org.hibernate.collection.spi.PersistentSet.hashCode(PersistentSet.java:413) ~[hibernate-core-6.3.1.Final.jar:6.3.1.Final]
	at com.belleza.pos.entity.Articulo.hashCode(Articulo.java:23) ~[classes/:na]
	at com.belleza.pos.entity.ArticuloPrecio.hashCode(ArticuloPrecio.java:17) ~[classes/:na]
	at java.base/java.util.AbstractSet.hashCode(AbstractSet.java:124) ~[na:na]
	at org.hibernate.collection.spi.PersistentSet.hashCode(PersistentSet.java:413) ~[hibernate-core-6.3.1.Final.jar:6.3.1.Final]
	at com.belleza.pos.entity.Articulo.hashCode(Articulo.java:23) ~[classes/:na]
	at com.belleza.pos.entity.ArticuloPrecio.hashCode(ArticuloPrecio.java:17) ~[classes/:na]
	at java.base/java.util.AbstractSet.hashCode(AbstractSet.java:124) ~[na:na]
	at org.hibernate.collection.spi.PersistentSet.hashCode(PersistentSet.java:413) ~[hibernate-core-6.3.1.Final.jar:6.3.1.Final]
	at com.belleza.pos.entity.Articulo.hashCode(Articulo.java:23) ~[classes/:na]
	at com.belleza.pos.entity.ArticuloPrecio.hashCode(ArticuloPrecio.java:17) ~[classes/:na]
	at java.base/java.util.AbstractSet.hashCode(AbstractSet.java:124) ~[na:na]
	at org.hibernate.collection.spi.PersistentSet.hashCode(PersistentSet.java:413) ~[hibernate-core-6.3.1.Final.jar:6.3.1.Final]
	at com.belleza.pos.entity.Articulo.hashCode(Articulo.java:23) ~[classes/:na]
	at com.belleza.pos.entity.ArticuloPrecio.hashCode(ArticuloPrecio.java:17) ~[classes/:na]
	at java.base/java.util.AbstractSet.hashCode(AbstractSet.java:124) ~[na:na]
	at org.hibernate.collection.spi.PersistentSet.hashCode(PersistentSet.java:413) ~[hibernate-core-6.3.1.Final.jar:6.3.1.Final]
	at com.belleza.pos.entity.Articulo.hashCode(Articulo.java:23) ~[classes/:na]
	at com.belleza.pos.entity.ArticuloPrecio.hashCode(ArticuloPrecio.java:17) ~[classes/:na]
	at java.base/java.util.AbstractSet.hashCode(AbstractSet.java:124) ~[na:na]
	at org.hibernate.collection.spi.PersistentSet.hashCode(PersistentSet.java:413) ~[hibernate-core-6.3.1.Final.jar:6.3.1.Final]
	at com.belleza.pos.entity.Articulo.hashCode(Articulo.java:23) ~[classes/:na]
	at com.belleza.pos.entity.ArticuloPrecio.hashCode(ArticuloPrecio.java:17) ~[classes/:na]
	at java.base/java.util.AbstractSet.hashCode(AbstractSet.java:124) ~[na:na]
	at org.hibernate.collection.spi.PersistentSet.hashCode(PersistentSet.java:413) ~[hibernate-core-6.3.1.Final.jar:6.3.1.Final]
	at com.belleza.pos.entity.Articulo.hashCode(Articulo.java:23) ~[classes/:na]
	at com.belleza.pos.entity.ArticuloPrecio.hashCode(ArticuloPrecio.java:17) ~[classes/:na]
	at java.base/java.util.AbstractSet.hashCode(AbstractSet.java:124) ~[na:na]
	at org.hibernate.collection.spi.PersistentSet.hashCode(PersistentSet.java:413) ~[hibernate-core-6.3.1.Final.jar:6.3.1.Final]
	at com.belleza.pos.entity.Articulo.hashCode(Articulo.java:23) ~[classes/:na]
	at com.belleza.pos.entity.ArticuloPrecio.hashCode(ArticuloPrecio.java:17) ~[classes/:na]
	at java.base/java.util.AbstractSet.hashCode(AbstractSet.java:124) ~[na:na]
	at org.hibernate.collection.spi.PersistentSet.hashCode(PersistentSet.java:413) ~[hibernate-core-6.3.1.Final.jar:6.3.1.Final]
	at com.belleza.pos.entity.Articulo.hashCode(Articulo.java:23) ~[classes/:na]
	at com.belleza.pos.entity.ArticuloPrecio.hashCode(ArticuloPrecio.java:17) ~[classes/:na]
	at java.base/java.util.AbstractSet.hashCode(AbstractSet.java:124) ~[na:na]
	at org.hibernate.collection.spi.PersistentSet.hashCode(PersistentSet.java:413) ~[hibernate-core-6.3.1.Final.jar:6.3.1.Final]
	at com.belleza.pos.entity.Articulo.hashCode(Articulo.java:23) ~[classes/:na]
	at com.belleza.pos.entity.ArticuloPrecio.hashCode(ArticuloPrecio.java:17) ~[classes/:na]
	at java.base/java.util.AbstractSet.hashCode(AbstractSet.java:124) ~[na:na]
	at org.hibernate.collection.spi.PersistentSet.hashCode(PersistentSet.java:413) ~[hibernate-core-6.3.1.Final.jar:6.3.1.Final]
	at com.belleza.pos.entity.Articulo.hashCode(Articulo.java:23) ~[classes/:na]
	at com.belleza.pos.entity.ArticuloPrecio.hashCode(ArticuloPrecio.java:17) ~[classes/:na]
	at java.base/java.util.AbstractSet.hashCode(AbstractSet.java:124) ~[na:na]
	at org.hibernate.collection.spi.PersistentSet.hashCode(PersistentSet.java:413) ~[hibernate-core-6.3.1.Final.jar:6.3.1.Final]
	at com.belleza.pos.entity.Articulo.hashCode(Articulo.java:23) ~[classes/:na]
	at com.belleza.pos.entity.ArticuloPrecio.hashCode(ArticuloPrecio.java:17) ~[classes/:na]
	at java.base/java.util.AbstractSet.hashCode(AbstractSet.java:124) ~[na:na]
	at org.hibernate.collection.spi.PersistentSet.hashCode(PersistentSet.java:413) ~[hibernate-core-6.3.1.Final.jar:6.3.1.Final]
	at com.belleza.pos.entity.Articulo.hashCode(Articulo.java:23) ~[classes/:na]
	at com.belleza.pos.entity.ArticuloPrecio.hashCode(ArticuloPrecio.java:17) ~[classes/:na]
	at java.base/java.util.AbstractSet.hashCode(AbstractSet.java:124) ~[na:na]
	at org.hibernate.collection.spi.PersistentSet.hashCode(PersistentSet.java:413) ~[hibernate-core-6.3.1.Final.jar:6.3.1.Final]
	at com.belleza.pos.entity.Articulo.hashCode(Articulo.java:23) ~[classes/:na]
	at com.belleza.pos.entity.ArticuloPrecio.hashCode(ArticuloPrecio.java:17) ~[classes/:na]
	at java.base/java.util.AbstractSet.hashCode(AbstractSet.java:124) ~[na:na]
	at org.hibernate.collection.spi.PersistentSet.hashCode(PersistentSet.java:413) ~[hibernate-core-6.3.1.Final.jar:6.3.1.Final]
	at com.belleza.pos.entity.Articulo.hashCode(Articulo.java:23) ~[classes/:na]
	at com.belleza.pos.entity.ArticuloPrecio.hashCode(ArticuloPrecio.java:17) ~[classes/:na]
	at java.base/java.util.AbstractSet.hashCode(AbstractSet.java:124) ~[na:na]
	at org.hibernate.collection.spi.PersistentSet.hashCode(PersistentSet.java:413) ~[hibernate-core-6.3.1.Final.jar:6.3.1.Final]
	at com.belleza.pos.entity.Articulo.hashCode(Articulo.java:23) ~[classes/:na]
	at com.belleza.pos.entity.ArticuloPrecio.hashCode(ArticuloPrecio.java:17) ~[classes/:na]
	at java.base/java.util.AbstractSet.hashCode(AbstractSet.java:124) ~[na:na]
	at org.hibernate.collection.spi.PersistentSet.hashCode(PersistentSet.java:413) ~[hibernate-core-6.3.1.Final.jar:6.3.1.Final]
	at com.belleza.pos.entity.Articulo.hashCode(Articulo.java:23) ~[classes/:na]
	at com.belleza.pos.entity.ArticuloPrecio.hashCode(ArticuloPrecio.java:17) ~[classes/:na]
	at java.base/java.util.AbstractSet.hashCode(AbstractSet.java:124) ~[na:na]
	at org.hibernate.collection.spi.PersistentSet.hashCode(PersistentSet.java:413) ~[hibernate-core-6.3.1.Final.jar:6.3.1.Final]
	at com.belleza.pos.entity.Articulo.hashCode(Articulo.java:23) ~[classes/:na]
	at com.belleza.pos.entity.ArticuloPrecio.hashCode(ArticuloPrecio.java:17) ~[classes/:na]
	at java.base/java.util.AbstractSet.hashCode(AbstractSet.java:124) ~[na:na]
	at org.hibernate.collection.spi.PersistentSet.hashCode(PersistentSet.java:413) ~[hibernate-core-6.3.1.Final.jar:6.3.1.Final]
	at com.belleza.pos.entity.Articulo.hashCode(Articulo.java:23) ~[classes/:na]
	at com.belleza.pos.entity.ArticuloPrecio.hashCode(ArticuloPrecio.java:17) ~[classes/:na]
	at java.base/java.util.AbstractSet.hashCode(AbstractSet.java:124) ~[na:na]
	at org.hibernate.collection.spi.PersistentSet.hashCode(PersistentSet.java:413) ~[hibernate-core-6.3.1.Final.jar:6.3.1.Final]
	at com.belleza.pos.entity.Articulo.hashCode(Articulo.java:23) ~[classes/:na]
	at com.belleza.pos.entity.ArticuloPrecio.hashCode(ArticuloPrecio.java:17) ~[classes/:na]
	at java.base/java.util.AbstractSet.hashCode(AbstractSet.java:124) ~[na:na]
	at org.hibernate.collection.spi.PersistentSet.hashCode(PersistentSet.java:413) ~[hibernate-core-6.3.1.Final.jar:6.3.1.Final]
	at com.belleza.pos.entity.Articulo.hashCode(Articulo.java:23) ~[classes/:na]
	at com.belleza.pos.entity.ArticuloPrecio.hashCode(ArticuloPrecio.java:17) ~[classes/:na]
	at java.base/java.util.AbstractSet.hashCode(AbstractSet.java:124) ~[na:na]
	at org.hibernate.collection.spi.PersistentSet.hashCode(PersistentSet.java:413) ~[hibernate-core-6.3.1.Final.jar:6.3.1.Final]

2025-12-02T17:17:26.789-03:00  WARN 28104 --- [http-nio-8080-exec-2] .m.m.a.ExceptionHandlerExceptionResolver : Resolved [java.lang.RuntimeException: java.lang.StackOverflowError]
2025-12-02T17:43:22.255-03:00  WARN 28104 --- [HikariPool-1 housekeeper] com.zaxxer.hikari.pool.HikariPool        : HikariPool-1 - Thread starvation or clock leap detected (housekeeper delta=13m54s516ms120µs400ns).
2025-12-02T18:26:38.399-03:00  WARN 28104 --- [HikariPool-1 housekeeper] com.zaxxer.hikari.pool.HikariPool        : HikariPool-1 - Thread starvation or clock leap detected (housekeeper delta=7m15s805ms671µs600ns).
2025-12-02T18:32:14.080-03:00  INFO 28104 --- [SpringApplicationShutdownHook] j.LocalContainerEntityManagerFactoryBean : Closing JPA EntityManagerFactory for persistence unit 'default'
2025-12-02T18:32:14.082-03:00  INFO 28104 --- [SpringApplicationShutdownHook] com.zaxxer.hikari.HikariDataSource       : HikariPool-1 - Shutdown initiated...
2025-12-02T18:32:14.083-03:00  INFO 28104 --- [SpringApplicationShutdownHook] com.zaxxer.hikari.HikariDataSource       : HikariPool-1 - Shutdown completed.
2025-12-02T18:32:20.373-03:00  INFO 24368 --- [restartedMain] com.belleza.pos.PosApiApplication        : Starting PosApiApplication using Java 21.0.5 with PID 24368 (C:\Proyectos\POS_beauty\beauty_pos_api_rest\target\classes started by crist in C:\Proyectos\POS_beauty\beauty_pos_api_rest)
2025-12-02T18:32:20.373-03:00 DEBUG 24368 --- [restartedMain] com.belleza.pos.PosApiApplication        : Running with Spring Boot v3.2.0, Spring v6.1.1
2025-12-02T18:32:20.374-03:00  INFO 24368 --- [restartedMain] com.belleza.pos.PosApiApplication        : No active profile set, falling back to 1 default profile: "default"
2025-12-02T18:32:20.408-03:00  INFO 24368 --- [restartedMain] .e.DevToolsPropertyDefaultsPostProcessor : Devtools property defaults active! Set 'spring.devtools.add-properties' to 'false' to disable
2025-12-02T18:32:20.408-03:00  INFO 24368 --- [restartedMain] .e.DevToolsPropertyDefaultsPostProcessor : For additional web related logging consider setting the 'logging.level.web' property to 'DEBUG'
2025-12-02T18:32:21.154-03:00  INFO 24368 --- [restartedMain] .s.d.r.c.RepositoryConfigurationDelegate : Bootstrapping Spring Data JPA repositories in DEFAULT mode.
2025-12-02T18:32:21.250-03:00  INFO 24368 --- [restartedMain] .s.d.r.c.RepositoryConfigurationDelegate : Finished Spring Data repository scanning in 90 ms. Found 20 JPA repository interfaces.
2025-12-02T18:32:22.007-03:00  INFO 24368 --- [restartedMain] o.s.b.w.embedded.tomcat.TomcatWebServer  : Tomcat initialized with port 8080 (http)
2025-12-02T18:32:22.019-03:00  INFO 24368 --- [restartedMain] o.apache.catalina.core.StandardService   : Starting service [Tomcat]
2025-12-02T18:32:22.019-03:00  INFO 24368 --- [restartedMain] o.apache.catalina.core.StandardEngine    : Starting Servlet engine: [Apache Tomcat/10.1.16]
2025-12-02T18:32:22.064-03:00  INFO 24368 --- [restartedMain] o.a.c.c.C.[Tomcat].[localhost].[/api]    : Initializing Spring embedded WebApplicationContext
2025-12-02T18:32:22.064-03:00  INFO 24368 --- [restartedMain] w.s.c.ServletWebServerApplicationContext : Root WebApplicationContext: initialization completed in 1656 ms
2025-12-02T18:32:22.263-03:00  INFO 24368 --- [restartedMain] o.hibernate.jpa.internal.util.LogHelper  : HHH000204: Processing PersistenceUnitInfo [name: default]
2025-12-02T18:32:22.382-03:00  INFO 24368 --- [restartedMain] org.hibernate.Version                    : HHH000412: Hibernate ORM core version 6.3.1.Final
2025-12-02T18:32:22.400-03:00  INFO 24368 --- [restartedMain] o.h.c.internal.RegionFactoryInitiator    : HHH000026: Second-level cache disabled
2025-12-02T18:32:22.559-03:00  INFO 24368 --- [restartedMain] o.s.o.j.p.SpringPersistenceUnitInfo      : No LoadTimeWeaver setup: ignoring JPA class transformer
2025-12-02T18:32:22.572-03:00  INFO 24368 --- [restartedMain] com.zaxxer.hikari.HikariDataSource       : HikariPool-1 - Starting...
2025-12-02T18:32:22.661-03:00  INFO 24368 --- [restartedMain] com.zaxxer.hikari.pool.HikariPool        : HikariPool-1 - Added connection com.mysql.cj.jdbc.ConnectionImpl@1c1bd0ae
2025-12-02T18:32:22.663-03:00  INFO 24368 --- [restartedMain] com.zaxxer.hikari.HikariDataSource       : HikariPool-1 - Start completed.
2025-12-02T18:32:22.688-03:00  WARN 24368 --- [restartedMain] org.hibernate.orm.deprecation            : HHH90000025: MySQLDialect does not need to be specified explicitly using 'hibernate.dialect' (remove the property setting and it will be selected by default)
2025-12-02T18:32:23.422-03:00  INFO 24368 --- [restartedMain] o.h.e.t.j.p.i.JtaPlatformInitiator       : HHH000489: No JTA platform available (set 'hibernate.transaction.jta.platform' to enable JTA platform integration)
2025-12-02T18:32:23.424-03:00  INFO 24368 --- [restartedMain] j.LocalContainerEntityManagerFactoryBean : Initialized JPA EntityManagerFactory for persistence unit 'default'
2025-12-02T18:32:23.677-03:00  INFO 24368 --- [restartedMain] o.s.d.j.r.query.QueryEnhancerFactory     : Hibernate is in classpath; If applicable, HQL parser will be used.
2025-12-02T18:32:24.010-03:00 DEBUG 24368 --- [restartedMain] c.b.p.s.jwt.JwtAuthenticationFilter      : Filter 'jwtAuthenticationFilter' configured for use
2025-12-02T18:32:25.401-03:00  INFO 24368 --- [restartedMain] o.s.s.web.DefaultSecurityFilterChain     : Will secure any request with [org.springframework.security.web.session.DisableEncodeUrlFilter@7cc8659c, org.springframework.security.web.context.request.async.WebAsyncManagerIntegrationFilter@22987e56, org.springframework.security.web.context.SecurityContextHolderFilter@759523b1, org.springframework.security.web.header.HeaderWriterFilter@44ef69b8, org.springframework.web.filter.CorsFilter@281372f, org.springframework.security.web.authentication.logout.LogoutFilter@71ec0cf6, com.belleza.pos.security.jwt.JwtAuthenticationFilter@4f07fa17, org.springframework.security.web.savedrequest.RequestCacheAwareFilter@686ebad, org.springframework.security.web.servletapi.SecurityContextHolderAwareRequestFilter@7d753e76, org.springframework.security.web.authentication.AnonymousAuthenticationFilter@3af5f8f9, org.springframework.security.web.session.SessionManagementFilter@3a2fb063, org.springframework.security.web.access.ExceptionTranslationFilter@f2a8269, org.springframework.security.web.access.intercept.AuthorizationFilter@3c9c5249]
2025-12-02T18:32:25.650-03:00  INFO 24368 --- [restartedMain] o.s.b.d.a.OptionalLiveReloadServer       : LiveReload server is running on port 35729
2025-12-02T18:32:25.671-03:00  INFO 24368 --- [restartedMain] o.s.b.w.embedded.tomcat.TomcatWebServer  : Tomcat started on port 8080 (http) with context path '/api'
2025-12-02T18:32:25.676-03:00  INFO 24368 --- [restartedMain] com.belleza.pos.PosApiApplication        : Started PosApiApplication in 5.557 seconds (process running for 5.834)
2025-12-02T18:32:36.168-03:00  INFO 24368 --- [http-nio-8080-exec-4] o.a.c.c.C.[Tomcat].[localhost].[/api]    : Initializing Spring DispatcherServlet 'dispatcherServlet'
2025-12-02T18:32:36.168-03:00  INFO 24368 --- [http-nio-8080-exec-4] o.s.web.servlet.DispatcherServlet        : Initializing Servlet 'dispatcherServlet'
2025-12-02T18:32:36.169-03:00  INFO 24368 --- [http-nio-8080-exec-4] o.s.web.servlet.DispatcherServlet        : Completed initialization in 1 ms
2025-12-02T18:32:36.174-03:00 DEBUG 24368 --- [http-nio-8080-exec-4] o.s.security.web.FilterChainProxy        : Securing POST /auth/login
2025-12-02T18:32:36.180-03:00 DEBUG 24368 --- [http-nio-8080-exec-4] o.s.s.w.a.AnonymousAuthenticationFilter  : Set SecurityContextHolder to anonymous SecurityContext
2025-12-02T18:32:36.181-03:00  WARN 24368 --- [http-nio-8080-exec-4] o.s.w.s.h.HandlerMappingIntrospector     : Cache miss for REQUEST dispatch to '/api/auth/login' (previous null). Performing MatchableHandlerMapping lookup. This is logged once only at WARN level, and every time at TRACE.
2025-12-02T18:32:36.187-03:00 DEBUG 24368 --- [http-nio-8080-exec-4] o.s.security.web.FilterChainProxy        : Secured POST /auth/login
2025-12-02T18:32:36.395-03:00 DEBUG 24368 --- [http-nio-8080-exec-4] org.hibernate.SQL                        : 
    select
        u1_0.id_usuario,
        u1_0.activo,
        u1_0.apellido,
        u1_0.email,
        u1_0.fecha_creacion,
        u1_0.fecha_modificacion,
        u1_0.nombre,
        u1_0.password_hash,
        u1_0.rol,
        u1_0.id_sucursal,
        u1_0.ultimo_login,
        u1_0.username 
    from
        usuarios u1_0 
    where
        u1_0.username=?
2025-12-02T18:32:36.461-03:00 DEBUG 24368 --- [http-nio-8080-exec-4] o.s.s.a.dao.DaoAuthenticationProvider    : Authenticated user
2025-12-02T18:32:36.519-03:00 DEBUG 24368 --- [http-nio-8080-exec-4] org.hibernate.SQL                        : 
    select
        u1_0.id_usuario,
        u1_0.activo,
        u1_0.apellido,
        u1_0.email,
        u1_0.fecha_creacion,
        u1_0.fecha_modificacion,
        u1_0.nombre,
        u1_0.password_hash,
        u1_0.rol,
        u1_0.id_sucursal,
        u1_0.ultimo_login,
        u1_0.username 
    from
        usuarios u1_0 
    where
        u1_0.username=?
2025-12-02T18:32:36.525-03:00  INFO 24368 --- [http-nio-8080-exec-4] com.belleza.pos.service.AuthService      : Usuario autenticado exitosamente: Adminstrador
2025-12-02T18:32:36.549-03:00 DEBUG 24368 --- [http-nio-8080-exec-4] org.hibernate.SQL                        : 
    update
        usuarios 
    set
        activo=?,
        apellido=?,
        email=?,
        fecha_modificacion=?,
        nombre=?,
        password_hash=?,
        rol=?,
        id_sucursal=?,
        ultimo_login=?,
        username=? 
    where
        id_usuario=?
2025-12-02T18:33:20.645-03:00 DEBUG 24368 --- [http-nio-8080-exec-3] o.s.security.web.FilterChainProxy        : Securing POST /articulos
2025-12-02T18:33:20.667-03:00 DEBUG 24368 --- [http-nio-8080-exec-3] org.hibernate.SQL                        : 
    select
        u1_0.id_usuario,
        u1_0.activo,
        u1_0.apellido,
        u1_0.email,
        u1_0.fecha_creacion,
        u1_0.fecha_modificacion,
        u1_0.nombre,
        u1_0.password_hash,
        u1_0.rol,
        u1_0.id_sucursal,
        u1_0.ultimo_login,
        u1_0.username 
    from
        usuarios u1_0 
    where
        u1_0.username=?
2025-12-02T18:33:20.669-03:00 DEBUG 24368 --- [http-nio-8080-exec-3] c.b.p.s.jwt.JwtAuthenticationFilter      : Usuario autenticado: Adminstrador
2025-12-02T18:33:20.670-03:00 DEBUG 24368 --- [http-nio-8080-exec-3] o.s.security.web.FilterChainProxy        : Secured POST /articulos
2025-12-02T18:33:20.687-03:00 DEBUG 24368 --- [http-nio-8080-exec-3] horizationManagerBeforeMethodInterceptor : Authorizing method invocation ReflectiveMethodInvocation: public org.springframework.http.ResponseEntity com.belleza.pos.controller.ArticuloController.create(com.belleza.pos.dto.request.CreateArticuloRequest); target is of class [com.belleza.pos.controller.ArticuloController]
2025-12-02T18:33:20.694-03:00 DEBUG 24368 --- [http-nio-8080-exec-3] horizationManagerBeforeMethodInterceptor : Authorized method invocation ReflectiveMethodInvocation: public org.springframework.http.ResponseEntity com.belleza.pos.controller.ArticuloController.create(com.belleza.pos.dto.request.CreateArticuloRequest); target is of class [com.belleza.pos.controller.ArticuloController]
2025-12-02T18:33:20.694-03:00  INFO 24368 --- [http-nio-8080-exec-3] c.b.p.service.impl.ArticuloServiceImpl   : Creando artículo con código: 1234567890123
2025-12-02T18:33:20.697-03:00 DEBUG 24368 --- [http-nio-8080-exec-3] org.hibernate.SQL                        : 
    select
        a1_0.id_articulo 
    from
        articulos a1_0 
    where
        a1_0.codigo_barras=? 
    limit
        ?
2025-12-02T18:33:20.703-03:00 DEBUG 24368 --- [http-nio-8080-exec-3] org.hibernate.SQL                        : 
    select
        r1_0.id_rubro,
        r1_0.activo,
        r1_0.descripcion,
        r1_0.fecha_creacion,
        r1_0.fecha_modificacion,
        r1_0.iva_porcentaje,
        r1_0.nombre 
    from
        rubros r1_0 
    where
        r1_0.id_rubro=?
2025-12-02T18:33:20.720-03:00 DEBUG 24368 --- [http-nio-8080-exec-3] org.hibernate.SQL                        : 
    insert 
    into
        articulos
        (activo, codigo_barras, descripcion, en_oferta, fecha_creacion, fecha_modificacion, fecha_vencimiento, imagen_url, publicar_en_web, id_rubro, stock_actual, stock_maximo, stock_minimo, unidad_venta, usa_control_stock) 
    values
        (?, ?, ?, ?, ?, ?, ?, ?, ?, ?, ?, ?, ?, ?, ?)
2025-12-02T18:33:20.732-03:00 DEBUG 24368 --- [http-nio-8080-exec-3] org.hibernate.SQL                        : 
    select
        lp1_0.id_lista,
        lp1_0.activo,
        lp1_0.descripcion,
        lp1_0.es_predeterminada,
        lp1_0.fecha_creacion,
        lp1_0.fecha_modificacion,
        lp1_0.nombre 
    from
        listas_precios lp1_0 
    where
        lp1_0.id_lista=?
2025-12-02T18:33:20.735-03:00 DEBUG 24368 --- [http-nio-8080-exec-3] org.hibernate.SQL                        : 
    insert 
    into
        articulos_precios
        (id_articulo, fecha_ultima_actualizacion, id_lista, porcentaje_utilidad, precio_costo, precio_venta) 
    values
        (?, ?, ?, ?, ?, ?)
2025-12-02T18:33:20.738-03:00  INFO 24368 --- [http-nio-8080-exec-3] c.b.p.service.impl.ArticuloServiceImpl   : Artículo creado exitosamente con ID: 3
2025-12-02T19:14:08.335-03:00  WARN 24368 --- [HikariPool-1 housekeeper] com.zaxxer.hikari.pool.HikariPool        : HikariPool-1 - Thread starvation or clock leap detected (housekeeper delta=30m45s586ms385µs700ns).
2025-12-02T19:14:29.035-03:00  INFO 24368 --- [SpringApplicationShutdownHook] j.LocalContainerEntityManagerFactoryBean : Closing JPA EntityManagerFactory for persistence unit 'default'
2025-12-02T19:14:29.037-03:00  INFO 24368 --- [SpringApplicationShutdownHook] com.zaxxer.hikari.HikariDataSource       : HikariPool-1 - Shutdown initiated...
2025-12-02T19:14:29.038-03:00  INFO 24368 --- [SpringApplicationShutdownHook] com.zaxxer.hikari.HikariDataSource       : HikariPool-1 - Shutdown completed.
